BEGIN TRANSACTION;
CREATE TABLE IF NOT EXISTS "TBUSERBANK" (
	"ID_USERBANK"	INTEGER PRIMARY KEY AUTOINCREMENT,
	"ID_USER"	INTEGER,
	"ID_BANK"	INTEGER,
	"SALDO_INICIAL"	NUMERIC(15 , 2),
	"PATH"	VARCHAR(100),
	"APELIDO"	VARCHAR(20)
);
CREATE TABLE IF NOT EXISTS "TBTRANSACAO" (
	"Id"	INTEGER PRIMARY KEY AUTOINCREMENT,
	"ID_USER"	INTEGER,
	"Tipo"	VARCHAR(20),
	"DataTransacao"	DATE,
	"Favorecido"	VARCHAR(100),
	"Categoria"	VARCHAR(100),
	"SubCategoria"	VARCHAR(100),
	"Valor"	REAL(15 , 2),
	"CENTRODECUSTO"	VARCHAR(100),
	"DataCriacao"	datetime DEFAULT CURRENT_TIMESTAMP,
	"ALTERADO"	VARCHAR(3) DEFAULT 'NAO',
	"ID_BANKING"	INTEGER,
	"FORECAST"	INTEGER DEFAULT 0,
	"ID_USERBANK"	INTEGER,
	"MODO"	CHAR(1)
);
CREATE TABLE IF NOT EXISTS "TBBANKING" (
	"ID_BANKING"	INTEGER PRIMARY KEY AUTOINCREMENT,
	"NAME"	VARCHAR(80),
	"ACCOUNT_TYPE"	VARCHAR(4)
);
CREATE TABLE IF NOT EXISTS "TBUSER" (
	"ID_USER"	INTEGER PRIMARY KEY AUTOINCREMENT,
	"FULLNAME"	TEXT,
	"EMAIL"	TEXT,
	"PWD"	TEXT,
	"COMPUTERNAME"	TEXT,
	"PHONE_NUMBER"	TEXT,
	"ACTIVE"	INTEGER,
	"ID_LANGUAGE"	INTEGER,
	"CREATE_DATE"	TEXT DEFAULT CURRENT_TIMESTAMP,
	"ID_USERPAI"	INTEGER
);
CREATE TABLE IF NOT EXISTS "CENTRODECUSTO" (
	"ID_CentrodeCusto"	INTEGER PRIMARY KEY AUTOINCREMENT,
	"CentroDeCusto"	VARCHAR(100),
	"ID_USER"	INTEGER,
	"ID_LANGUAGE"	INTEGER,
	"GRUPO"	INTEGER
);
CREATE TABLE IF NOT EXISTS "TBCATEGORIA" (
	"ID_CATEGORIA"	INTEGER PRIMARY KEY AUTOINCREMENT,
	"FAVORECIDO"	VARCHAR(100),
	"CATEGORIA"	VARCHAR(100),
	"ID_CentrodeCusto"	INTEGER,
	"ID_LANGUAGE"	INTEGER,
	CONSTRAINT "UQ_CATEGORIA" UNIQUE("FAVORECIDO","CATEGORIA","ID_LANGUAGE")
);
CREATE TABLE IF NOT EXISTS "TBMESSAGE" (
	"ID_TBMESSAGE"	INTEGER PRIMARY KEY AUTOINCREMENT,
	"ID_LANGUAGE"	INTEGER,
	"DESCRIPTION_TYPE"	TEXT,
	"DESCRIPTION_MESSAGE"	TEXT
);
CREATE TABLE IF NOT EXISTS "TBPERIODO" (
	"ID_PERIODO"	INTEGER PRIMARY KEY AUTOINCREMENT,
	"ANOATUAL"	TEXT,
	"ANOFUTURO"	TEXT
);
CREATE TABLE IF NOT EXISTS "TBPARAMETERS" (
	"ID_PARAMETERES"	INTEGER PRIMARY KEY AUTOINCREMENT,
	"DESCRIPTION_VALUE"	TEXT,
	"DESCRIPTION_CONTENT"	TEXT
);
CREATE TABLE IF NOT EXISTS "TBLANGUAGE" (
	"ID_LANGUAGE"	INTEGER PRIMARY KEY AUTOINCREMENT,
	"LANGUAGE_DESC"	TEXT
);
INSERT INTO "TBUSERBANK" ("ID_USERBANK","ID_USER","ID_BANK","SALDO_INICIAL","PATH","APELIDO") VALUES (1,3,1,0,'C:\BIBanco','PRINCIPAL');
INSERT INTO "TBUSERBANK" ("ID_USERBANK","ID_USER","ID_BANK","SALDO_INICIAL","PATH","APELIDO") VALUES (2,3,4,1,'C:\BIBanco','NU_PRINCIPAL');
INSERT INTO "TBTRANSACAO" ("Id","ID_USER","Tipo","DataTransacao","Favorecido","Categoria","SubCategoria","Valor","CENTRODECUSTO","DataCriacao","ALTERADO","ID_BANKING","FORECAST","ID_USERBANK","MODO") VALUES (65,3,'EXPENSE','2023-02-01','Apple Credit Card','','',-67.86,'SUBSCRIPTION','2023-02-05 19:14:26.834','NAO',1,0,1,'I');
INSERT INTO "TBTRANSACAO" ("Id","ID_USER","Tipo","DataTransacao","Favorecido","Categoria","SubCategoria","Valor","CENTRODECUSTO","DataCriacao","ALTERADO","ID_BANKING","FORECAST","ID_USERBANK","MODO") VALUES (66,3,'EXPENSE','2023-01-31','Publix','','',-4.5,'GROCERIES','2023-02-05 19:14:34.247','NAO',1,0,1,'I');
INSERT INTO "TBTRANSACAO" ("Id","ID_USER","Tipo","DataTransacao","Favorecido","Categoria","SubCategoria","Valor","CENTRODECUSTO","DataCriacao","ALTERADO","ID_BANKING","FORECAST","ID_USERBANK","MODO") VALUES (67,3,'INCOME','2023-01-31','DoorDash','','',85.25,'DOORDASH','2023-02-05 19:14:37.513','NAO',1,0,1,'I');
INSERT INTO "TBTRANSACAO" ("Id","ID_USER","Tipo","DataTransacao","Favorecido","Categoria","SubCategoria","Valor","CENTRODECUSTO","DataCriacao","ALTERADO","ID_BANKING","FORECAST","ID_USERBANK","MODO") VALUES (68,3,'INCOME','2023-01-31','Zelle Transfer','','',42.0,'DEPOSIT','2023-02-05 19:14:41.131','NAO',1,0,1,'I');
INSERT INTO "TBTRANSACAO" ("Id","ID_USER","Tipo","DataTransacao","Favorecido","Categoria","SubCategoria","Valor","CENTRODECUSTO","DataCriacao","ALTERADO","ID_BANKING","FORECAST","ID_USERBANK","MODO") VALUES (69,3,'EXPENSE','2023-01-30','Circle K','','',-20.0,'FUEL','2023-02-05 19:14:49.697','NAO',1,0,1,'I');
INSERT INTO "TBTRANSACAO" ("Id","ID_USER","Tipo","DataTransacao","Favorecido","Categoria","SubCategoria","Valor","CENTRODECUSTO","DataCriacao","ALTERADO","ID_BANKING","FORECAST","ID_USERBANK","MODO") VALUES (70,3,'EXPENSE','2023-01-30','Walmart','','',-47.93,'GROCERIES','2023-02-05 19:14:54.441','NAO',1,0,1,'I');
INSERT INTO "TBTRANSACAO" ("Id","ID_USER","Tipo","DataTransacao","Favorecido","Categoria","SubCategoria","Valor","CENTRODECUSTO","DataCriacao","ALTERADO","ID_BANKING","FORECAST","ID_USERBANK","MODO") VALUES (71,3,'EXPENSE','2023-01-30','Shell','','',-10.05,'FUEL','2023-02-05 19:15:00.521','NAO',1,0,1,'I');
INSERT INTO "TBTRANSACAO" ("Id","ID_USER","Tipo","DataTransacao","Favorecido","Categoria","SubCategoria","Valor","CENTRODECUSTO","DataCriacao","ALTERADO","ID_BANKING","FORECAST","ID_USERBANK","MODO") VALUES (72,3,'EXPENSE','2023-01-30','Shell','','',-10.0,'FUEL','2023-02-05 19:15:00.539','NAO',1,0,1,'I');
INSERT INTO "TBTRANSACAO" ("Id","ID_USER","Tipo","DataTransacao","Favorecido","Categoria","SubCategoria","Valor","CENTRODECUSTO","DataCriacao","ALTERADO","ID_BANKING","FORECAST","ID_USERBANK","MODO") VALUES (73,3,'EXPENSE','2023-01-30','Circle K','','',-20.58,'FUEL','2023-02-05 19:15:00.558','NAO',1,0,1,'I');
INSERT INTO "TBTRANSACAO" ("Id","ID_USER","Tipo","DataTransacao","Favorecido","Categoria","SubCategoria","Valor","CENTRODECUSTO","DataCriacao","ALTERADO","ID_BANKING","FORECAST","ID_USERBANK","MODO") VALUES (74,3,'EXPENSE','2023-01-30','BP Gas','','',-8.69,'FUEL','2023-02-05 19:15:05.150','NAO',1,0,1,'I');
INSERT INTO "TBTRANSACAO" ("Id","ID_USER","Tipo","DataTransacao","Favorecido","Categoria","SubCategoria","Valor","CENTRODECUSTO","DataCriacao","ALTERADO","ID_BANKING","FORECAST","ID_USERBANK","MODO") VALUES (75,3,'EXPENSE','2023-01-30','Aldi','','',-76.78,'GROCERIES','2023-02-05 19:15:11.255','NAO',1,0,1,'I');
INSERT INTO "TBTRANSACAO" ("Id","ID_USER","Tipo","DataTransacao","Favorecido","Categoria","SubCategoria","Valor","CENTRODECUSTO","DataCriacao","ALTERADO","ID_BANKING","FORECAST","ID_USERBANK","MODO") VALUES (76,3,'EXPENSE','2023-01-30','Wow!','','',-67.99,'PHONE BILL','2023-02-05 19:15:17.971','NAO',1,0,1,'I');
INSERT INTO "TBTRANSACAO" ("Id","ID_USER","Tipo","DataTransacao","Favorecido","Categoria","SubCategoria","Valor","CENTRODECUSTO","DataCriacao","ALTERADO","ID_BANKING","FORECAST","ID_USERBANK","MODO") VALUES (77,3,'INCOME','2023-01-30','Maplebear Inc','','',87.08,'MAPLEBEAR INC','2023-02-05 19:15:22.198','NAO',1,0,1,'I');
INSERT INTO "TBTRANSACAO" ("Id","ID_USER","Tipo","DataTransacao","Favorecido","Categoria","SubCategoria","Valor","CENTRODECUSTO","DataCriacao","ALTERADO","ID_BANKING","FORECAST","ID_USERBANK","MODO") VALUES (78,3,'INCOME','2022-12-20','Shell',NULL,NULL,1.0,'FUEL','2023-02-07 22:26:14','NAO',1,0,1,'M');
INSERT INTO "TBTRANSACAO" ("Id","ID_USER","Tipo","DataTransacao","Favorecido","Categoria","SubCategoria","Valor","CENTRODECUSTO","DataCriacao","ALTERADO","ID_BANKING","FORECAST","ID_USERBANK","MODO") VALUES (79,3,'EXPENSE','2022-12-20','WATETR',NULL,NULL,-444.0,'GROCERIES','2023-02-08 12:03:02.296','NAO',1,0,1,'M');
INSERT INTO "TBTRANSACAO" ("Id","ID_USER","Tipo","DataTransacao","Favorecido","Categoria","SubCategoria","Valor","CENTRODECUSTO","DataCriacao","ALTERADO","ID_BANKING","FORECAST","ID_USERBANK","MODO") VALUES (80,3,'EXPENSE','2022-12-20','RRR',NULL,NULL,-43.0,'GROCERIES','2023-02-08 12:09:56.957','NAO',1,0,1,'M');
INSERT INTO "TBTRANSACAO" ("Id","ID_USER","Tipo","DataTransacao","Favorecido","Categoria","SubCategoria","Valor","CENTRODECUSTO","DataCriacao","ALTERADO","ID_BANKING","FORECAST","ID_USERBANK","MODO") VALUES (81,3,'EXPENSE','2022-12-20','WAL MART',NULL,NULL,-12.0,'GROCERIES','2023-02-08 15:35:10.569','NAO',1,0,1,'M');
INSERT INTO "TBTRANSACAO" ("Id","ID_USER","Tipo","DataTransacao","Favorecido","Categoria","SubCategoria","Valor","CENTRODECUSTO","DataCriacao","ALTERADO","ID_BANKING","FORECAST","ID_USERBANK","MODO") VALUES (82,3,'INCOME','2022-12-27','DOORDASH',NULL,NULL,50.0,'DOORDASH','2023-02-08 15:43:06.119','NAO',1,0,1,'M');
INSERT INTO "TBTRANSACAO" ("Id","ID_USER","Tipo","DataTransacao","Favorecido","Categoria","SubCategoria","Valor","CENTRODECUSTO","DataCriacao","ALTERADO","ID_BANKING","FORECAST","ID_USERBANK","MODO") VALUES (83,3,'INCOME','2022-12-02','DOORDASHPONTOCOM','GRANA','BOA',3000.0,'DOORDASH.COM','2023-02-08 16:07:45.996','NAO',1,0,1,'M');
INSERT INTO "TBTRANSACAO" ("Id","ID_USER","Tipo","DataTransacao","Favorecido","Categoria","SubCategoria","Valor","CENTRODECUSTO","DataCriacao","ALTERADO","ID_BANKING","FORECAST","ID_USERBANK","MODO") VALUES (84,3,'INCOME','2023-02-28','VENDAS DE BRIGADEIRO',NULL,NULL,250.0,'DEPOSIT','2023-02-09 19:27:51.249','NAO',1,1,1,'M');
INSERT INTO "TBTRANSACAO" ("Id","ID_USER","Tipo","DataTransacao","Favorecido","Categoria","SubCategoria","Valor","CENTRODECUSTO","DataCriacao","ALTERADO","ID_BANKING","FORECAST","ID_USERBANK","MODO") VALUES (85,3,'INCOME','2023-02-08','Zelle Transfer','','',5.0,'DEPOSIT','2023-02-10 23:09:47.447','NAO',1,0,1,'I');
INSERT INTO "TBTRANSACAO" ("Id","ID_USER","Tipo","DataTransacao","Favorecido","Categoria","SubCategoria","Valor","CENTRODECUSTO","DataCriacao","ALTERADO","ID_BANKING","FORECAST","ID_USERBANK","MODO") VALUES (86,3,'INCOME','2023-02-08','Zelle Transfer','','',55.0,'DEPOSIT','2023-02-10 23:10:01.886','NAO',1,0,1,'I');
INSERT INTO "TBTRANSACAO" ("Id","ID_USER","Tipo","DataTransacao","Favorecido","Categoria","SubCategoria","Valor","CENTRODECUSTO","DataCriacao","ALTERADO","ID_BANKING","FORECAST","ID_USERBANK","MODO") VALUES (87,3,'INCOME','2023-02-07','DoorDash','','',37.75,'DOORDASH','2023-02-10 23:10:01.894','NAO',1,0,1,'I');
INSERT INTO "TBTRANSACAO" ("Id","ID_USER","Tipo","DataTransacao","Favorecido","Categoria","SubCategoria","Valor","CENTRODECUSTO","DataCriacao","ALTERADO","ID_BANKING","FORECAST","ID_USERBANK","MODO") VALUES (88,3,'INCOME','2023-02-07','Upside','','',15.64,'INCOME','2023-02-10 23:10:47.442','NAO',1,0,1,'I');
INSERT INTO "TBTRANSACAO" ("Id","ID_USER","Tipo","DataTransacao","Favorecido","Categoria","SubCategoria","Valor","CENTRODECUSTO","DataCriacao","ALTERADO","ID_BANKING","FORECAST","ID_USERBANK","MODO") VALUES (89,3,'INCOME','2023-02-06','Maplebear Inc','','',8.96,'MAPLEBEAR INC','2023-02-10 23:10:47.449','NAO',1,0,1,'I');
INSERT INTO "TBTRANSACAO" ("Id","ID_USER","Tipo","DataTransacao","Favorecido","Categoria","SubCategoria","Valor","CENTRODECUSTO","DataCriacao","ALTERADO","ID_BANKING","FORECAST","ID_USERBANK","MODO") VALUES (90,3,'EXPENSE','2023-02-03','The General Insurance','','',-132.6,'CAR','2023-02-10 23:10:51.973','NAO',1,0,1,'I');
INSERT INTO "TBTRANSACAO" ("Id","ID_USER","Tipo","DataTransacao","Favorecido","Categoria","SubCategoria","Valor","CENTRODECUSTO","DataCriacao","ALTERADO","ID_BANKING","FORECAST","ID_USERBANK","MODO") VALUES (91,3,'EXPENSE','2023-02-02','Walmart','','',-125.23,'GROCERIES','2023-02-10 23:10:51.981','NAO',1,0,1,'I');
INSERT INTO "TBTRANSACAO" ("Id","ID_USER","Tipo","DataTransacao","Favorecido","Categoria","SubCategoria","Valor","CENTRODECUSTO","DataCriacao","ALTERADO","ID_BANKING","FORECAST","ID_USERBANK","MODO") VALUES (92,3,'EXPENSE','2023-02-02','Amazon Prime Membership','','',-14.99,'TRANSFER','2023-02-10 23:10:57.874','NAO',1,0,1,'I');
INSERT INTO "TBTRANSACAO" ("Id","ID_USER","Tipo","DataTransacao","Favorecido","Categoria","SubCategoria","Valor","CENTRODECUSTO","DataCriacao","ALTERADO","ID_BANKING","FORECAST","ID_USERBANK","MODO") VALUES (93,3,'INCOME','2023-02-02','Apple Credit Card','','',67.86,'SUBSCRIPTION','2023-02-10 23:10:57.882','NAO',1,0,1,'I');
INSERT INTO "TBTRANSACAO" ("Id","ID_USER","Tipo","DataTransacao","Favorecido","Categoria","SubCategoria","Valor","CENTRODECUSTO","DataCriacao","ALTERADO","ID_BANKING","FORECAST","ID_USERBANK","MODO") VALUES (94,3,'INCOME','2023-02-02','Maplebear Inc','','',110.82,'MAPLEBEAR INC','2023-02-10 23:10:57.889','NAO',1,0,1,'I');
INSERT INTO "TBTRANSACAO" ("Id","ID_USER","Tipo","DataTransacao","Favorecido","Categoria","SubCategoria","Valor","CENTRODECUSTO","DataCriacao","ALTERADO","ID_BANKING","FORECAST","ID_USERBANK","MODO") VALUES (95,3,'INCOME','2023-02-02','Amazon Prime Membership','','',14.99,'TRANSFER','2023-02-10 23:10:57.896','NAO',1,0,1,'I');
INSERT INTO "TBTRANSACAO" ("Id","ID_USER","Tipo","DataTransacao","Favorecido","Categoria","SubCategoria","Valor","CENTRODECUSTO","DataCriacao","ALTERADO","ID_BANKING","FORECAST","ID_USERBANK","MODO") VALUES (96,3,'INCOME','2023-02-02','Amazon Prime Membership','','',14.99,'TRANSFER','2023-02-10 23:10:57.904','NAO',1,0,1,'I');
INSERT INTO "TBTRANSACAO" ("Id","ID_USER","Tipo","DataTransacao","Favorecido","Categoria","SubCategoria","Valor","CENTRODECUSTO","DataCriacao","ALTERADO","ID_BANKING","FORECAST","ID_USERBANK","MODO") VALUES (97,3,'EXPENSE','12/14/2021','Mercadocar','transporte','',-139.6,'CAR','2023-02-11 08:16:47.403','NAO',4,0,2,'I');
INSERT INTO "TBTRANSACAO" ("Id","ID_USER","Tipo","DataTransacao","Favorecido","Categoria","SubCategoria","Valor","CENTRODECUSTO","DataCriacao","ALTERADO","ID_BANKING","FORECAST","ID_USERBANK","MODO") VALUES (98,3,'EXPENSE','12/16/2021','Assai Atacadista','casa','',-155.43,'GROCERIES','2023-02-11 08:17:00.463','NAO',4,0,2,'I');
INSERT INTO "TBTRANSACAO" ("Id","ID_USER","Tipo","DataTransacao","Favorecido","Categoria","SubCategoria","Valor","CENTRODECUSTO","DataCriacao","ALTERADO","ID_BANKING","FORECAST","ID_USERBANK","MODO") VALUES (99,3,'EXPENSE','2021-12-16','Assai Atacadista','casa','',-155.43,'GROCERIES','2023-02-11 08:23:55.448','NAO',4,0,2,'I');
INSERT INTO "TBTRANSACAO" ("Id","ID_USER","Tipo","DataTransacao","Favorecido","Categoria","SubCategoria","Valor","CENTRODECUSTO","DataCriacao","ALTERADO","ID_BANKING","FORECAST","ID_USERBANK","MODO") VALUES (100,3,'EXPENSE','2021-12-17','Recarga de celular','','',-20.0,'FUEL','2023-02-11 08:24:07.310','NAO',4,0,2,'I');
INSERT INTO "TBTRANSACAO" ("Id","ID_USER","Tipo","DataTransacao","Favorecido","Categoria","SubCategoria","Valor","CENTRODECUSTO","DataCriacao","ALTERADO","ID_BANKING","FORECAST","ID_USERBANK","MODO") VALUES (101,3,'INCOME','2021-12-17','Pagamento recebido','','',800.0,'CREDIT CARD','2023-02-11 08:24:07.314','NAO',4,0,2,'I');
INSERT INTO "TBTRANSACAO" ("Id","ID_USER","Tipo","DataTransacao","Favorecido","Categoria","SubCategoria","Valor","CENTRODECUSTO","DataCriacao","ALTERADO","ID_BANKING","FORECAST","ID_USERBANK","MODO") VALUES (102,3,'EXPENSE','2021-12-18','Estapar Aero Guarulhos','transporte','',-32.0,'CLOTHING','2023-02-11 08:24:13.025','NAO',4,0,2,'I');
INSERT INTO "TBBANKING" ("ID_BANKING","NAME","ACCOUNT_TYPE") VALUES (1,'SYNOVUS BANK','BANK');
INSERT INTO "TBBANKING" ("ID_BANKING","NAME","ACCOUNT_TYPE") VALUES (2,'DESCOVERY CARD','CARD');
INSERT INTO "TBBANKING" ("ID_BANKING","NAME","ACCOUNT_TYPE") VALUES (3,'CASH','CASH');
INSERT INTO "TBBANKING" ("ID_BANKING","NAME","ACCOUNT_TYPE") VALUES (4,'NUBANK CARD','CARD');
INSERT INTO "TBBANKING" ("ID_BANKING","NAME","ACCOUNT_TYPE") VALUES (5,'NUBANK','BANK');
INSERT INTO "TBUSER" ("ID_USER","FULLNAME","EMAIL","PWD","COMPUTERNAME","PHONE_NUMBER","ACTIVE","ID_LANGUAGE","CREATE_DATE","ID_USERPAI") VALUES (3,'MARCOS LUIZ DE JESUS','MARCOS.LUIZ.JESUS@HOTMAIL.COM','123','DESKTOP-99M8LEG','(706)555-4444',NULL,1,'2023-02-04 07:11:58.954',NULL);
INSERT INTO "TBUSER" ("ID_USER","FULLNAME","EMAIL","PWD","COMPUTERNAME","PHONE_NUMBER","ACTIVE","ID_LANGUAGE","CREATE_DATE","ID_USERPAI") VALUES (4,'renato','renato@gmail.com','123','DESKTOP-99M8LEG','(121)212-1212',NULL,1,'2023-02-04 07:15:26.710',3);
INSERT INTO "CENTRODECUSTO" ("ID_CentrodeCusto","CentroDeCusto","ID_USER","ID_LANGUAGE","GRUPO") VALUES (1,'GROCERIES',1,1,2);
INSERT INTO "CENTRODECUSTO" ("ID_CentrodeCusto","CentroDeCusto","ID_USER","ID_LANGUAGE","GRUPO") VALUES (2,'RENT',1,1,2);
INSERT INTO "CENTRODECUSTO" ("ID_CentrodeCusto","CentroDeCusto","ID_USER","ID_LANGUAGE","GRUPO") VALUES (3,'CAR',1,1,2);
INSERT INTO "CENTRODECUSTO" ("ID_CentrodeCusto","CentroDeCusto","ID_USER","ID_LANGUAGE","GRUPO") VALUES (4,'FUEL',1,1,2);
INSERT INTO "CENTRODECUSTO" ("ID_CentrodeCusto","CentroDeCusto","ID_USER","ID_LANGUAGE","GRUPO") VALUES (5,'MEAL',1,1,2);
INSERT INTO "CENTRODECUSTO" ("ID_CentrodeCusto","CentroDeCusto","ID_USER","ID_LANGUAGE","GRUPO") VALUES (6,'HEALTH INSURANCE',1,1,2);
INSERT INTO "CENTRODECUSTO" ("ID_CentrodeCusto","CentroDeCusto","ID_USER","ID_LANGUAGE","GRUPO") VALUES (7,'SHIPPING',1,1,2);
INSERT INTO "CENTRODECUSTO" ("ID_CentrodeCusto","CentroDeCusto","ID_USER","ID_LANGUAGE","GRUPO") VALUES (8,'INCOME',1,1,1);
INSERT INTO "CENTRODECUSTO" ("ID_CentrodeCusto","CentroDeCusto","ID_USER","ID_LANGUAGE","GRUPO") VALUES (9,'PHONE BILL',1,1,2);
INSERT INTO "CENTRODECUSTO" ("ID_CentrodeCusto","CentroDeCusto","ID_USER","ID_LANGUAGE","GRUPO") VALUES (10,'TRANSFER',1,1,2);
INSERT INTO "CENTRODECUSTO" ("ID_CentrodeCusto","CentroDeCusto","ID_USER","ID_LANGUAGE","GRUPO") VALUES (11,'CLOTHING',1,1,2);
INSERT INTO "CENTRODECUSTO" ("ID_CentrodeCusto","CentroDeCusto","ID_USER","ID_LANGUAGE","GRUPO") VALUES (12,'TRIP',1,1,2);
INSERT INTO "CENTRODECUSTO" ("ID_CentrodeCusto","CentroDeCusto","ID_USER","ID_LANGUAGE","GRUPO") VALUES (13,'SUBSCRIPTION',1,1,2);
INSERT INTO "CENTRODECUSTO" ("ID_CentrodeCusto","CentroDeCusto","ID_USER","ID_LANGUAGE","GRUPO") VALUES (14,'FINANCING',1,1,2);
INSERT INTO "CENTRODECUSTO" ("ID_CentrodeCusto","CentroDeCusto","ID_USER","ID_LANGUAGE","GRUPO") VALUES (15,'MISCELLANEOUS',1,1,2);
INSERT INTO "CENTRODECUSTO" ("ID_CentrodeCusto","CentroDeCusto","ID_USER","ID_LANGUAGE","GRUPO") VALUES (16,'BANK RATE',1,1,2);
INSERT INTO "CENTRODECUSTO" ("ID_CentrodeCusto","CentroDeCusto","ID_USER","ID_LANGUAGE","GRUPO") VALUES (17,'INVESTMENT',1,1,2);
INSERT INTO "CENTRODECUSTO" ("ID_CentrodeCusto","CentroDeCusto","ID_USER","ID_LANGUAGE","GRUPO") VALUES (18,'EDUCATION',1,1,2);
INSERT INTO "CENTRODECUSTO" ("ID_CentrodeCusto","CentroDeCusto","ID_USER","ID_LANGUAGE","GRUPO") VALUES (19,'CREDIT CARD',1,1,2);
INSERT INTO "CENTRODECUSTO" ("ID_CentrodeCusto","CentroDeCusto","ID_USER","ID_LANGUAGE","GRUPO") VALUES (20,'GROCERIES',2,1,2);
INSERT INTO "CENTRODECUSTO" ("ID_CentrodeCusto","CentroDeCusto","ID_USER","ID_LANGUAGE","GRUPO") VALUES (21,'RENT',2,1,2);
INSERT INTO "CENTRODECUSTO" ("ID_CentrodeCusto","CentroDeCusto","ID_USER","ID_LANGUAGE","GRUPO") VALUES (22,'CAR',2,1,2);
INSERT INTO "CENTRODECUSTO" ("ID_CentrodeCusto","CentroDeCusto","ID_USER","ID_LANGUAGE","GRUPO") VALUES (23,'FUEL',2,1,2);
INSERT INTO "CENTRODECUSTO" ("ID_CentrodeCusto","CentroDeCusto","ID_USER","ID_LANGUAGE","GRUPO") VALUES (24,'MEAL',2,1,2);
INSERT INTO "CENTRODECUSTO" ("ID_CentrodeCusto","CentroDeCusto","ID_USER","ID_LANGUAGE","GRUPO") VALUES (25,'HEALTH INSURANCE',2,1,2);
INSERT INTO "CENTRODECUSTO" ("ID_CentrodeCusto","CentroDeCusto","ID_USER","ID_LANGUAGE","GRUPO") VALUES (26,'SHIPPING',2,1,2);
INSERT INTO "CENTRODECUSTO" ("ID_CentrodeCusto","CentroDeCusto","ID_USER","ID_LANGUAGE","GRUPO") VALUES (27,'INCOME',2,1,1);
INSERT INTO "CENTRODECUSTO" ("ID_CentrodeCusto","CentroDeCusto","ID_USER","ID_LANGUAGE","GRUPO") VALUES (28,'PHONE BILL',2,1,2);
INSERT INTO "CENTRODECUSTO" ("ID_CentrodeCusto","CentroDeCusto","ID_USER","ID_LANGUAGE","GRUPO") VALUES (29,'TRANSFER',2,1,2);
INSERT INTO "CENTRODECUSTO" ("ID_CentrodeCusto","CentroDeCusto","ID_USER","ID_LANGUAGE","GRUPO") VALUES (30,'CLOTHING',2,1,2);
INSERT INTO "CENTRODECUSTO" ("ID_CentrodeCusto","CentroDeCusto","ID_USER","ID_LANGUAGE","GRUPO") VALUES (31,'TRIP',2,1,2);
INSERT INTO "CENTRODECUSTO" ("ID_CentrodeCusto","CentroDeCusto","ID_USER","ID_LANGUAGE","GRUPO") VALUES (32,'SUBSCRIPTION',2,1,2);
INSERT INTO "CENTRODECUSTO" ("ID_CentrodeCusto","CentroDeCusto","ID_USER","ID_LANGUAGE","GRUPO") VALUES (33,'FINANCING',2,1,2);
INSERT INTO "CENTRODECUSTO" ("ID_CentrodeCusto","CentroDeCusto","ID_USER","ID_LANGUAGE","GRUPO") VALUES (34,'MISCELLANEOUS',2,1,2);
INSERT INTO "CENTRODECUSTO" ("ID_CentrodeCusto","CentroDeCusto","ID_USER","ID_LANGUAGE","GRUPO") VALUES (35,'BANK RATE',2,1,2);
INSERT INTO "CENTRODECUSTO" ("ID_CentrodeCusto","CentroDeCusto","ID_USER","ID_LANGUAGE","GRUPO") VALUES (36,'INVESTMENT',2,1,2);
INSERT INTO "CENTRODECUSTO" ("ID_CentrodeCusto","CentroDeCusto","ID_USER","ID_LANGUAGE","GRUPO") VALUES (37,'EDUCATION',2,1,2);
INSERT INTO "CENTRODECUSTO" ("ID_CentrodeCusto","CentroDeCusto","ID_USER","ID_LANGUAGE","GRUPO") VALUES (38,'CREDIT CARD',2,1,2);
INSERT INTO "CENTRODECUSTO" ("ID_CentrodeCusto","CentroDeCusto","ID_USER","ID_LANGUAGE","GRUPO") VALUES (39,'GROCERIES',3,1,2);
INSERT INTO "CENTRODECUSTO" ("ID_CentrodeCusto","CentroDeCusto","ID_USER","ID_LANGUAGE","GRUPO") VALUES (40,'RENT',3,1,2);
INSERT INTO "CENTRODECUSTO" ("ID_CentrodeCusto","CentroDeCusto","ID_USER","ID_LANGUAGE","GRUPO") VALUES (41,'CAR',3,1,2);
INSERT INTO "CENTRODECUSTO" ("ID_CentrodeCusto","CentroDeCusto","ID_USER","ID_LANGUAGE","GRUPO") VALUES (42,'FUEL',3,1,2);
INSERT INTO "CENTRODECUSTO" ("ID_CentrodeCusto","CentroDeCusto","ID_USER","ID_LANGUAGE","GRUPO") VALUES (43,'MEAL',3,1,2);
INSERT INTO "CENTRODECUSTO" ("ID_CentrodeCusto","CentroDeCusto","ID_USER","ID_LANGUAGE","GRUPO") VALUES (44,'HEALTH INSURANCE',3,1,2);
INSERT INTO "CENTRODECUSTO" ("ID_CentrodeCusto","CentroDeCusto","ID_USER","ID_LANGUAGE","GRUPO") VALUES (45,'SHIPPING',3,1,2);
INSERT INTO "CENTRODECUSTO" ("ID_CentrodeCusto","CentroDeCusto","ID_USER","ID_LANGUAGE","GRUPO") VALUES (46,'INCOME',3,1,1);
INSERT INTO "CENTRODECUSTO" ("ID_CentrodeCusto","CentroDeCusto","ID_USER","ID_LANGUAGE","GRUPO") VALUES (47,'PHONE BILL',3,1,2);
INSERT INTO "CENTRODECUSTO" ("ID_CentrodeCusto","CentroDeCusto","ID_USER","ID_LANGUAGE","GRUPO") VALUES (48,'TRANSFER',3,1,2);
INSERT INTO "CENTRODECUSTO" ("ID_CentrodeCusto","CentroDeCusto","ID_USER","ID_LANGUAGE","GRUPO") VALUES (49,'CLOTHING',3,1,2);
INSERT INTO "CENTRODECUSTO" ("ID_CentrodeCusto","CentroDeCusto","ID_USER","ID_LANGUAGE","GRUPO") VALUES (50,'TRIP',3,1,2);
INSERT INTO "CENTRODECUSTO" ("ID_CentrodeCusto","CentroDeCusto","ID_USER","ID_LANGUAGE","GRUPO") VALUES (51,'SUBSCRIPTION',3,1,2);
INSERT INTO "CENTRODECUSTO" ("ID_CentrodeCusto","CentroDeCusto","ID_USER","ID_LANGUAGE","GRUPO") VALUES (52,'FINANCING',3,1,2);
INSERT INTO "CENTRODECUSTO" ("ID_CentrodeCusto","CentroDeCusto","ID_USER","ID_LANGUAGE","GRUPO") VALUES (53,'MISCELLANEOUS',3,1,2);
INSERT INTO "CENTRODECUSTO" ("ID_CentrodeCusto","CentroDeCusto","ID_USER","ID_LANGUAGE","GRUPO") VALUES (54,'BANK RATE',3,1,2);
INSERT INTO "CENTRODECUSTO" ("ID_CentrodeCusto","CentroDeCusto","ID_USER","ID_LANGUAGE","GRUPO") VALUES (55,'INVESTMENT',3,1,2);
INSERT INTO "CENTRODECUSTO" ("ID_CentrodeCusto","CentroDeCusto","ID_USER","ID_LANGUAGE","GRUPO") VALUES (56,'EDUCATION',3,1,2);
INSERT INTO "CENTRODECUSTO" ("ID_CentrodeCusto","CentroDeCusto","ID_USER","ID_LANGUAGE","GRUPO") VALUES (57,'CREDIT CARD',3,1,2);
INSERT INTO "CENTRODECUSTO" ("ID_CentrodeCusto","CentroDeCusto","ID_USER","ID_LANGUAGE","GRUPO") VALUES (58,'GROCERIES',5,1,2);
INSERT INTO "CENTRODECUSTO" ("ID_CentrodeCusto","CentroDeCusto","ID_USER","ID_LANGUAGE","GRUPO") VALUES (59,'RENT',5,1,2);
INSERT INTO "CENTRODECUSTO" ("ID_CentrodeCusto","CentroDeCusto","ID_USER","ID_LANGUAGE","GRUPO") VALUES (60,'CAR',5,1,2);
INSERT INTO "CENTRODECUSTO" ("ID_CentrodeCusto","CentroDeCusto","ID_USER","ID_LANGUAGE","GRUPO") VALUES (61,'FUEL',5,1,2);
INSERT INTO "CENTRODECUSTO" ("ID_CentrodeCusto","CentroDeCusto","ID_USER","ID_LANGUAGE","GRUPO") VALUES (62,'MEAL',5,1,2);
INSERT INTO "CENTRODECUSTO" ("ID_CentrodeCusto","CentroDeCusto","ID_USER","ID_LANGUAGE","GRUPO") VALUES (63,'HEALTH INSURANCE',5,1,2);
INSERT INTO "CENTRODECUSTO" ("ID_CentrodeCusto","CentroDeCusto","ID_USER","ID_LANGUAGE","GRUPO") VALUES (64,'SHIPPING',5,1,2);
INSERT INTO "CENTRODECUSTO" ("ID_CentrodeCusto","CentroDeCusto","ID_USER","ID_LANGUAGE","GRUPO") VALUES (65,'INCOME',5,1,1);
INSERT INTO "CENTRODECUSTO" ("ID_CentrodeCusto","CentroDeCusto","ID_USER","ID_LANGUAGE","GRUPO") VALUES (66,'PHONE BILL',5,1,2);
INSERT INTO "CENTRODECUSTO" ("ID_CentrodeCusto","CentroDeCusto","ID_USER","ID_LANGUAGE","GRUPO") VALUES (67,'TRANSFER',5,1,2);
INSERT INTO "CENTRODECUSTO" ("ID_CentrodeCusto","CentroDeCusto","ID_USER","ID_LANGUAGE","GRUPO") VALUES (68,'CLOTHING',5,1,2);
INSERT INTO "CENTRODECUSTO" ("ID_CentrodeCusto","CentroDeCusto","ID_USER","ID_LANGUAGE","GRUPO") VALUES (69,'TRIP',5,1,2);
INSERT INTO "CENTRODECUSTO" ("ID_CentrodeCusto","CentroDeCusto","ID_USER","ID_LANGUAGE","GRUPO") VALUES (70,'SUBSCRIPTION',5,1,2);
INSERT INTO "CENTRODECUSTO" ("ID_CentrodeCusto","CentroDeCusto","ID_USER","ID_LANGUAGE","GRUPO") VALUES (71,'FINANCING',5,1,2);
INSERT INTO "CENTRODECUSTO" ("ID_CentrodeCusto","CentroDeCusto","ID_USER","ID_LANGUAGE","GRUPO") VALUES (72,'MISCELLANEOUS',5,1,2);
INSERT INTO "CENTRODECUSTO" ("ID_CentrodeCusto","CentroDeCusto","ID_USER","ID_LANGUAGE","GRUPO") VALUES (73,'BANK RATE',5,1,2);
INSERT INTO "CENTRODECUSTO" ("ID_CentrodeCusto","CentroDeCusto","ID_USER","ID_LANGUAGE","GRUPO") VALUES (74,'INVESTMENT',5,1,2);
INSERT INTO "CENTRODECUSTO" ("ID_CentrodeCusto","CentroDeCusto","ID_USER","ID_LANGUAGE","GRUPO") VALUES (75,'EDUCATION',5,1,2);
INSERT INTO "CENTRODECUSTO" ("ID_CentrodeCusto","CentroDeCusto","ID_USER","ID_LANGUAGE","GRUPO") VALUES (76,'CREDIT CARD',5,1,2);
INSERT INTO "CENTRODECUSTO" ("ID_CentrodeCusto","CentroDeCusto","ID_USER","ID_LANGUAGE","GRUPO") VALUES (77,'GROCERIES',6,1,2);
INSERT INTO "CENTRODECUSTO" ("ID_CentrodeCusto","CentroDeCusto","ID_USER","ID_LANGUAGE","GRUPO") VALUES (78,'RENT',6,1,2);
INSERT INTO "CENTRODECUSTO" ("ID_CentrodeCusto","CentroDeCusto","ID_USER","ID_LANGUAGE","GRUPO") VALUES (79,'CAR',6,1,2);
INSERT INTO "CENTRODECUSTO" ("ID_CentrodeCusto","CentroDeCusto","ID_USER","ID_LANGUAGE","GRUPO") VALUES (80,'FUEL',6,1,2);
INSERT INTO "CENTRODECUSTO" ("ID_CentrodeCusto","CentroDeCusto","ID_USER","ID_LANGUAGE","GRUPO") VALUES (81,'MEAL',6,1,2);
INSERT INTO "CENTRODECUSTO" ("ID_CentrodeCusto","CentroDeCusto","ID_USER","ID_LANGUAGE","GRUPO") VALUES (82,'HEALTH INSURANCE',6,1,2);
INSERT INTO "CENTRODECUSTO" ("ID_CentrodeCusto","CentroDeCusto","ID_USER","ID_LANGUAGE","GRUPO") VALUES (83,'SHIPPING',6,1,2);
INSERT INTO "CENTRODECUSTO" ("ID_CentrodeCusto","CentroDeCusto","ID_USER","ID_LANGUAGE","GRUPO") VALUES (84,'INCOME',6,1,1);
INSERT INTO "CENTRODECUSTO" ("ID_CentrodeCusto","CentroDeCusto","ID_USER","ID_LANGUAGE","GRUPO") VALUES (85,'PHONE BILL',6,1,2);
INSERT INTO "CENTRODECUSTO" ("ID_CentrodeCusto","CentroDeCusto","ID_USER","ID_LANGUAGE","GRUPO") VALUES (86,'TRANSFER',6,1,2);
INSERT INTO "CENTRODECUSTO" ("ID_CentrodeCusto","CentroDeCusto","ID_USER","ID_LANGUAGE","GRUPO") VALUES (87,'CLOTHING',6,1,2);
INSERT INTO "CENTRODECUSTO" ("ID_CentrodeCusto","CentroDeCusto","ID_USER","ID_LANGUAGE","GRUPO") VALUES (88,'TRIP',6,1,2);
INSERT INTO "CENTRODECUSTO" ("ID_CentrodeCusto","CentroDeCusto","ID_USER","ID_LANGUAGE","GRUPO") VALUES (89,'SUBSCRIPTION',6,1,2);
INSERT INTO "CENTRODECUSTO" ("ID_CentrodeCusto","CentroDeCusto","ID_USER","ID_LANGUAGE","GRUPO") VALUES (90,'FINANCING',6,1,2);
INSERT INTO "CENTRODECUSTO" ("ID_CentrodeCusto","CentroDeCusto","ID_USER","ID_LANGUAGE","GRUPO") VALUES (91,'MISCELLANEOUS',6,1,2);
INSERT INTO "CENTRODECUSTO" ("ID_CentrodeCusto","CentroDeCusto","ID_USER","ID_LANGUAGE","GRUPO") VALUES (92,'BANK RATE',6,1,2);
INSERT INTO "CENTRODECUSTO" ("ID_CentrodeCusto","CentroDeCusto","ID_USER","ID_LANGUAGE","GRUPO") VALUES (93,'INVESTMENT',6,1,2);
INSERT INTO "CENTRODECUSTO" ("ID_CentrodeCusto","CentroDeCusto","ID_USER","ID_LANGUAGE","GRUPO") VALUES (94,'EDUCATION',6,1,2);
INSERT INTO "CENTRODECUSTO" ("ID_CentrodeCusto","CentroDeCusto","ID_USER","ID_LANGUAGE","GRUPO") VALUES (95,'CREDIT CARD',6,1,2);
INSERT INTO "CENTRODECUSTO" ("ID_CentrodeCusto","CentroDeCusto","ID_USER","ID_LANGUAGE","GRUPO") VALUES (96,'CASHBACK',1,1,2);
INSERT INTO "CENTRODECUSTO" ("ID_CentrodeCusto","CentroDeCusto","ID_USER","ID_LANGUAGE","GRUPO") VALUES (97,'ELETRIC POWER',1,1,2);
INSERT INTO "CENTRODECUSTO" ("ID_CentrodeCusto","CentroDeCusto","ID_USER","ID_LANGUAGE","GRUPO") VALUES (98,'BALANCE',1,1,1);
INSERT INTO "CENTRODECUSTO" ("ID_CentrodeCusto","CentroDeCusto","ID_USER","ID_LANGUAGE","GRUPO") VALUES (99,'CASH',1,1,2);
INSERT INTO "CENTRODECUSTO" ("ID_CentrodeCusto","CentroDeCusto","ID_USER","ID_LANGUAGE","GRUPO") VALUES (100,'GROCERIES',7,1,2);
INSERT INTO "CENTRODECUSTO" ("ID_CentrodeCusto","CentroDeCusto","ID_USER","ID_LANGUAGE","GRUPO") VALUES (101,'RENT',7,1,2);
INSERT INTO "CENTRODECUSTO" ("ID_CentrodeCusto","CentroDeCusto","ID_USER","ID_LANGUAGE","GRUPO") VALUES (102,'CAR',7,1,2);
INSERT INTO "CENTRODECUSTO" ("ID_CentrodeCusto","CentroDeCusto","ID_USER","ID_LANGUAGE","GRUPO") VALUES (103,'FUEL',7,1,2);
INSERT INTO "CENTRODECUSTO" ("ID_CentrodeCusto","CentroDeCusto","ID_USER","ID_LANGUAGE","GRUPO") VALUES (104,'MEAL',7,1,2);
INSERT INTO "CENTRODECUSTO" ("ID_CentrodeCusto","CentroDeCusto","ID_USER","ID_LANGUAGE","GRUPO") VALUES (105,'HEALTH INSURANCE',7,1,2);
INSERT INTO "CENTRODECUSTO" ("ID_CentrodeCusto","CentroDeCusto","ID_USER","ID_LANGUAGE","GRUPO") VALUES (106,'SHIPPING',7,1,2);
INSERT INTO "CENTRODECUSTO" ("ID_CentrodeCusto","CentroDeCusto","ID_USER","ID_LANGUAGE","GRUPO") VALUES (107,'INCOME',7,1,1);
INSERT INTO "CENTRODECUSTO" ("ID_CentrodeCusto","CentroDeCusto","ID_USER","ID_LANGUAGE","GRUPO") VALUES (108,'PHONE BILL',7,1,2);
INSERT INTO "CENTRODECUSTO" ("ID_CentrodeCusto","CentroDeCusto","ID_USER","ID_LANGUAGE","GRUPO") VALUES (109,'TRANSFER',7,1,2);
INSERT INTO "CENTRODECUSTO" ("ID_CentrodeCusto","CentroDeCusto","ID_USER","ID_LANGUAGE","GRUPO") VALUES (110,'CLOTHING',7,1,2);
INSERT INTO "CENTRODECUSTO" ("ID_CentrodeCusto","CentroDeCusto","ID_USER","ID_LANGUAGE","GRUPO") VALUES (111,'TRIP',7,1,2);
INSERT INTO "CENTRODECUSTO" ("ID_CentrodeCusto","CentroDeCusto","ID_USER","ID_LANGUAGE","GRUPO") VALUES (112,'SUBSCRIPTION',7,1,2);
INSERT INTO "CENTRODECUSTO" ("ID_CentrodeCusto","CentroDeCusto","ID_USER","ID_LANGUAGE","GRUPO") VALUES (113,'FINANCING',7,1,2);
INSERT INTO "CENTRODECUSTO" ("ID_CentrodeCusto","CentroDeCusto","ID_USER","ID_LANGUAGE","GRUPO") VALUES (114,'MISCELLANEOUS',7,1,2);
INSERT INTO "CENTRODECUSTO" ("ID_CentrodeCusto","CentroDeCusto","ID_USER","ID_LANGUAGE","GRUPO") VALUES (115,'BANK RATE',7,1,2);
INSERT INTO "CENTRODECUSTO" ("ID_CentrodeCusto","CentroDeCusto","ID_USER","ID_LANGUAGE","GRUPO") VALUES (116,'INVESTMENT',7,1,2);
INSERT INTO "CENTRODECUSTO" ("ID_CentrodeCusto","CentroDeCusto","ID_USER","ID_LANGUAGE","GRUPO") VALUES (117,'EDUCATION',7,1,2);
INSERT INTO "CENTRODECUSTO" ("ID_CentrodeCusto","CentroDeCusto","ID_USER","ID_LANGUAGE","GRUPO") VALUES (118,'CREDIT CARD',7,1,2);
INSERT INTO "CENTRODECUSTO" ("ID_CentrodeCusto","CentroDeCusto","ID_USER","ID_LANGUAGE","GRUPO") VALUES (119,'CASHBACK',7,1,2);
INSERT INTO "CENTRODECUSTO" ("ID_CentrodeCusto","CentroDeCusto","ID_USER","ID_LANGUAGE","GRUPO") VALUES (120,'ELETRIC POWER',7,1,2);
INSERT INTO "CENTRODECUSTO" ("ID_CentrodeCusto","CentroDeCusto","ID_USER","ID_LANGUAGE","GRUPO") VALUES (121,'BALANCE',7,1,1);
INSERT INTO "CENTRODECUSTO" ("ID_CentrodeCusto","CentroDeCusto","ID_USER","ID_LANGUAGE","GRUPO") VALUES (122,'CASH',7,1,2);
INSERT INTO "CENTRODECUSTO" ("ID_CentrodeCusto","CentroDeCusto","ID_USER","ID_LANGUAGE","GRUPO") VALUES (123,'GROCERIES',8,1,2);
INSERT INTO "CENTRODECUSTO" ("ID_CentrodeCusto","CentroDeCusto","ID_USER","ID_LANGUAGE","GRUPO") VALUES (124,'RENT',8,1,2);
INSERT INTO "CENTRODECUSTO" ("ID_CentrodeCusto","CentroDeCusto","ID_USER","ID_LANGUAGE","GRUPO") VALUES (125,'CAR',8,1,2);
INSERT INTO "CENTRODECUSTO" ("ID_CentrodeCusto","CentroDeCusto","ID_USER","ID_LANGUAGE","GRUPO") VALUES (126,'FUEL',8,1,2);
INSERT INTO "CENTRODECUSTO" ("ID_CentrodeCusto","CentroDeCusto","ID_USER","ID_LANGUAGE","GRUPO") VALUES (127,'MEAL',8,1,2);
INSERT INTO "CENTRODECUSTO" ("ID_CentrodeCusto","CentroDeCusto","ID_USER","ID_LANGUAGE","GRUPO") VALUES (128,'HEALTH INSURANCE',8,1,2);
INSERT INTO "CENTRODECUSTO" ("ID_CentrodeCusto","CentroDeCusto","ID_USER","ID_LANGUAGE","GRUPO") VALUES (129,'SHIPPING',8,1,2);
INSERT INTO "CENTRODECUSTO" ("ID_CentrodeCusto","CentroDeCusto","ID_USER","ID_LANGUAGE","GRUPO") VALUES (130,'INCOME',8,1,1);
INSERT INTO "CENTRODECUSTO" ("ID_CentrodeCusto","CentroDeCusto","ID_USER","ID_LANGUAGE","GRUPO") VALUES (131,'PHONE BILL',8,1,2);
INSERT INTO "CENTRODECUSTO" ("ID_CentrodeCusto","CentroDeCusto","ID_USER","ID_LANGUAGE","GRUPO") VALUES (132,'TRANSFER',8,1,2);
INSERT INTO "CENTRODECUSTO" ("ID_CentrodeCusto","CentroDeCusto","ID_USER","ID_LANGUAGE","GRUPO") VALUES (133,'CLOTHING',8,1,2);
INSERT INTO "CENTRODECUSTO" ("ID_CentrodeCusto","CentroDeCusto","ID_USER","ID_LANGUAGE","GRUPO") VALUES (134,'TRIP',8,1,2);
INSERT INTO "CENTRODECUSTO" ("ID_CentrodeCusto","CentroDeCusto","ID_USER","ID_LANGUAGE","GRUPO") VALUES (135,'SUBSCRIPTION',8,1,2);
INSERT INTO "CENTRODECUSTO" ("ID_CentrodeCusto","CentroDeCusto","ID_USER","ID_LANGUAGE","GRUPO") VALUES (136,'FINANCING',8,1,2);
INSERT INTO "CENTRODECUSTO" ("ID_CentrodeCusto","CentroDeCusto","ID_USER","ID_LANGUAGE","GRUPO") VALUES (137,'MISCELLANEOUS',8,1,2);
INSERT INTO "CENTRODECUSTO" ("ID_CentrodeCusto","CentroDeCusto","ID_USER","ID_LANGUAGE","GRUPO") VALUES (138,'BANK RATE',8,1,2);
INSERT INTO "CENTRODECUSTO" ("ID_CentrodeCusto","CentroDeCusto","ID_USER","ID_LANGUAGE","GRUPO") VALUES (139,'INVESTMENT',8,1,2);
INSERT INTO "CENTRODECUSTO" ("ID_CentrodeCusto","CentroDeCusto","ID_USER","ID_LANGUAGE","GRUPO") VALUES (140,'EDUCATION',8,1,2);
INSERT INTO "CENTRODECUSTO" ("ID_CentrodeCusto","CentroDeCusto","ID_USER","ID_LANGUAGE","GRUPO") VALUES (141,'CREDIT CARD',8,1,2);
INSERT INTO "CENTRODECUSTO" ("ID_CentrodeCusto","CentroDeCusto","ID_USER","ID_LANGUAGE","GRUPO") VALUES (142,'CASHBACK',8,1,2);
INSERT INTO "CENTRODECUSTO" ("ID_CentrodeCusto","CentroDeCusto","ID_USER","ID_LANGUAGE","GRUPO") VALUES (143,'ELETRIC POWER',8,1,2);
INSERT INTO "CENTRODECUSTO" ("ID_CentrodeCusto","CentroDeCusto","ID_USER","ID_LANGUAGE","GRUPO") VALUES (144,'BALANCE',8,1,1);
INSERT INTO "CENTRODECUSTO" ("ID_CentrodeCusto","CentroDeCusto","ID_USER","ID_LANGUAGE","GRUPO") VALUES (145,'CASH',8,1,2);
INSERT INTO "CENTRODECUSTO" ("ID_CentrodeCusto","CentroDeCusto","ID_USER","ID_LANGUAGE","GRUPO") VALUES (146,'GROCERIES',9,1,2);
INSERT INTO "CENTRODECUSTO" ("ID_CentrodeCusto","CentroDeCusto","ID_USER","ID_LANGUAGE","GRUPO") VALUES (147,'RENT',9,1,2);
INSERT INTO "CENTRODECUSTO" ("ID_CentrodeCusto","CentroDeCusto","ID_USER","ID_LANGUAGE","GRUPO") VALUES (148,'CAR',9,1,2);
INSERT INTO "CENTRODECUSTO" ("ID_CentrodeCusto","CentroDeCusto","ID_USER","ID_LANGUAGE","GRUPO") VALUES (149,'FUEL',9,1,2);
INSERT INTO "CENTRODECUSTO" ("ID_CentrodeCusto","CentroDeCusto","ID_USER","ID_LANGUAGE","GRUPO") VALUES (150,'MEAL',9,1,2);
INSERT INTO "CENTRODECUSTO" ("ID_CentrodeCusto","CentroDeCusto","ID_USER","ID_LANGUAGE","GRUPO") VALUES (151,'HEALTH INSURANCE',9,1,2);
INSERT INTO "CENTRODECUSTO" ("ID_CentrodeCusto","CentroDeCusto","ID_USER","ID_LANGUAGE","GRUPO") VALUES (152,'SHIPPING',9,1,2);
INSERT INTO "CENTRODECUSTO" ("ID_CentrodeCusto","CentroDeCusto","ID_USER","ID_LANGUAGE","GRUPO") VALUES (153,'INCOME',9,1,1);
INSERT INTO "CENTRODECUSTO" ("ID_CentrodeCusto","CentroDeCusto","ID_USER","ID_LANGUAGE","GRUPO") VALUES (154,'PHONE BILL',9,1,2);
INSERT INTO "CENTRODECUSTO" ("ID_CentrodeCusto","CentroDeCusto","ID_USER","ID_LANGUAGE","GRUPO") VALUES (155,'TRANSFER',9,1,2);
INSERT INTO "CENTRODECUSTO" ("ID_CentrodeCusto","CentroDeCusto","ID_USER","ID_LANGUAGE","GRUPO") VALUES (156,'CLOTHING',9,1,2);
INSERT INTO "CENTRODECUSTO" ("ID_CentrodeCusto","CentroDeCusto","ID_USER","ID_LANGUAGE","GRUPO") VALUES (157,'TRIP',9,1,2);
INSERT INTO "CENTRODECUSTO" ("ID_CentrodeCusto","CentroDeCusto","ID_USER","ID_LANGUAGE","GRUPO") VALUES (158,'SUBSCRIPTION',9,1,2);
INSERT INTO "CENTRODECUSTO" ("ID_CentrodeCusto","CentroDeCusto","ID_USER","ID_LANGUAGE","GRUPO") VALUES (159,'FINANCING',9,1,2);
INSERT INTO "CENTRODECUSTO" ("ID_CentrodeCusto","CentroDeCusto","ID_USER","ID_LANGUAGE","GRUPO") VALUES (160,'MISCELLANEOUS',9,1,2);
INSERT INTO "CENTRODECUSTO" ("ID_CentrodeCusto","CentroDeCusto","ID_USER","ID_LANGUAGE","GRUPO") VALUES (161,'BANK RATE',9,1,2);
INSERT INTO "CENTRODECUSTO" ("ID_CentrodeCusto","CentroDeCusto","ID_USER","ID_LANGUAGE","GRUPO") VALUES (162,'INVESTMENT',9,1,2);
INSERT INTO "CENTRODECUSTO" ("ID_CentrodeCusto","CentroDeCusto","ID_USER","ID_LANGUAGE","GRUPO") VALUES (163,'EDUCATION',9,1,2);
INSERT INTO "CENTRODECUSTO" ("ID_CentrodeCusto","CentroDeCusto","ID_USER","ID_LANGUAGE","GRUPO") VALUES (164,'CREDIT CARD',9,1,2);
INSERT INTO "CENTRODECUSTO" ("ID_CentrodeCusto","CentroDeCusto","ID_USER","ID_LANGUAGE","GRUPO") VALUES (165,'INTERNET HOME',1,1,2);
INSERT INTO "CENTRODECUSTO" ("ID_CentrodeCusto","CentroDeCusto","ID_USER","ID_LANGUAGE","GRUPO") VALUES (166,'DEPOSIT',1,1,1);
INSERT INTO "CENTRODECUSTO" ("ID_CentrodeCusto","CentroDeCusto","ID_USER","ID_LANGUAGE","GRUPO") VALUES (167,'DOORDASH',1,1,1);
INSERT INTO "CENTRODECUSTO" ("ID_CentrodeCusto","CentroDeCusto","ID_USER","ID_LANGUAGE","GRUPO") VALUES (168,'DOORDASH.COM',1,1,1);
INSERT INTO "CENTRODECUSTO" ("ID_CentrodeCusto","CentroDeCusto","ID_USER","ID_LANGUAGE","GRUPO") VALUES (169,'MAPLEBEAR INC',1,1,1);
INSERT INTO "CENTRODECUSTO" ("ID_CentrodeCusto","CentroDeCusto","ID_USER","ID_LANGUAGE","GRUPO") VALUES (170,'STRIPE',1,1,1);
INSERT INTO "CENTRODECUSTO" ("ID_CentrodeCusto","CentroDeCusto","ID_USER","ID_LANGUAGE","GRUPO") VALUES (171,'UBER',1,1,1);
INSERT INTO "CENTRODECUSTO" ("ID_CentrodeCusto","CentroDeCusto","ID_USER","ID_LANGUAGE","GRUPO") VALUES (172,'DEPOSIT',2,1,1);
INSERT INTO "CENTRODECUSTO" ("ID_CentrodeCusto","CentroDeCusto","ID_USER","ID_LANGUAGE","GRUPO") VALUES (173,'DOORDASH',2,1,1);
INSERT INTO "CENTRODECUSTO" ("ID_CentrodeCusto","CentroDeCusto","ID_USER","ID_LANGUAGE","GRUPO") VALUES (174,'DOORDASH.COM',2,1,1);
INSERT INTO "CENTRODECUSTO" ("ID_CentrodeCusto","CentroDeCusto","ID_USER","ID_LANGUAGE","GRUPO") VALUES (175,'MAPLEBEAR INC',2,1,1);
INSERT INTO "CENTRODECUSTO" ("ID_CentrodeCusto","CentroDeCusto","ID_USER","ID_LANGUAGE","GRUPO") VALUES (176,'STRIPE',2,1,1);
INSERT INTO "CENTRODECUSTO" ("ID_CentrodeCusto","CentroDeCusto","ID_USER","ID_LANGUAGE","GRUPO") VALUES (177,'UBER',2,1,1);
INSERT INTO "CENTRODECUSTO" ("ID_CentrodeCusto","CentroDeCusto","ID_USER","ID_LANGUAGE","GRUPO") VALUES (178,'DEPOSIT',3,1,1);
INSERT INTO "CENTRODECUSTO" ("ID_CentrodeCusto","CentroDeCusto","ID_USER","ID_LANGUAGE","GRUPO") VALUES (179,'DOORDASH',3,1,1);
INSERT INTO "CENTRODECUSTO" ("ID_CentrodeCusto","CentroDeCusto","ID_USER","ID_LANGUAGE","GRUPO") VALUES (180,'DOORDASH.COM',3,1,1);
INSERT INTO "CENTRODECUSTO" ("ID_CentrodeCusto","CentroDeCusto","ID_USER","ID_LANGUAGE","GRUPO") VALUES (181,'MAPLEBEAR INC',3,1,1);
INSERT INTO "CENTRODECUSTO" ("ID_CentrodeCusto","CentroDeCusto","ID_USER","ID_LANGUAGE","GRUPO") VALUES (182,'STRIPE',3,1,1);
INSERT INTO "CENTRODECUSTO" ("ID_CentrodeCusto","CentroDeCusto","ID_USER","ID_LANGUAGE","GRUPO") VALUES (183,'UBER',3,1,1);
INSERT INTO "CENTRODECUSTO" ("ID_CentrodeCusto","CentroDeCusto","ID_USER","ID_LANGUAGE","GRUPO") VALUES (184,'DEPOSIT',4,1,1);
INSERT INTO "CENTRODECUSTO" ("ID_CentrodeCusto","CentroDeCusto","ID_USER","ID_LANGUAGE","GRUPO") VALUES (185,'DOORDASH',4,1,1);
INSERT INTO "CENTRODECUSTO" ("ID_CentrodeCusto","CentroDeCusto","ID_USER","ID_LANGUAGE","GRUPO") VALUES (186,'DOORDASH.COM',4,1,1);
INSERT INTO "CENTRODECUSTO" ("ID_CentrodeCusto","CentroDeCusto","ID_USER","ID_LANGUAGE","GRUPO") VALUES (187,'MAPLEBEAR INC',4,1,1);
INSERT INTO "CENTRODECUSTO" ("ID_CentrodeCusto","CentroDeCusto","ID_USER","ID_LANGUAGE","GRUPO") VALUES (188,'STRIPE',4,1,1);
INSERT INTO "CENTRODECUSTO" ("ID_CentrodeCusto","CentroDeCusto","ID_USER","ID_LANGUAGE","GRUPO") VALUES (189,'UBER',4,1,1);
INSERT INTO "CENTRODECUSTO" ("ID_CentrodeCusto","CentroDeCusto","ID_USER","ID_LANGUAGE","GRUPO") VALUES (190,'DEPOSIT',5,1,1);
INSERT INTO "CENTRODECUSTO" ("ID_CentrodeCusto","CentroDeCusto","ID_USER","ID_LANGUAGE","GRUPO") VALUES (191,'DOORDASH',5,1,1);
INSERT INTO "CENTRODECUSTO" ("ID_CentrodeCusto","CentroDeCusto","ID_USER","ID_LANGUAGE","GRUPO") VALUES (192,'DOORDASH.COM',5,1,1);
INSERT INTO "CENTRODECUSTO" ("ID_CentrodeCusto","CentroDeCusto","ID_USER","ID_LANGUAGE","GRUPO") VALUES (193,'MAPLEBEAR INC',5,1,1);
INSERT INTO "CENTRODECUSTO" ("ID_CentrodeCusto","CentroDeCusto","ID_USER","ID_LANGUAGE","GRUPO") VALUES (194,'STRIPE',5,1,1);
INSERT INTO "CENTRODECUSTO" ("ID_CentrodeCusto","CentroDeCusto","ID_USER","ID_LANGUAGE","GRUPO") VALUES (195,'UBER',5,1,1);
INSERT INTO "CENTRODECUSTO" ("ID_CentrodeCusto","CentroDeCusto","ID_USER","ID_LANGUAGE","GRUPO") VALUES (196,'DEPOSIT',6,1,1);
INSERT INTO "CENTRODECUSTO" ("ID_CentrodeCusto","CentroDeCusto","ID_USER","ID_LANGUAGE","GRUPO") VALUES (197,'DOORDASH',6,1,1);
INSERT INTO "CENTRODECUSTO" ("ID_CentrodeCusto","CentroDeCusto","ID_USER","ID_LANGUAGE","GRUPO") VALUES (198,'DOORDASH.COM',6,1,1);
INSERT INTO "CENTRODECUSTO" ("ID_CentrodeCusto","CentroDeCusto","ID_USER","ID_LANGUAGE","GRUPO") VALUES (199,'MAPLEBEAR INC',6,1,1);
INSERT INTO "CENTRODECUSTO" ("ID_CentrodeCusto","CentroDeCusto","ID_USER","ID_LANGUAGE","GRUPO") VALUES (200,'STRIPE',6,1,1);
INSERT INTO "CENTRODECUSTO" ("ID_CentrodeCusto","CentroDeCusto","ID_USER","ID_LANGUAGE","GRUPO") VALUES (201,'UBER',6,1,1);
INSERT INTO "CENTRODECUSTO" ("ID_CentrodeCusto","CentroDeCusto","ID_USER","ID_LANGUAGE","GRUPO") VALUES (202,'DEPOSIT',7,1,1);
INSERT INTO "CENTRODECUSTO" ("ID_CentrodeCusto","CentroDeCusto","ID_USER","ID_LANGUAGE","GRUPO") VALUES (203,'DOORDASH',7,1,1);
INSERT INTO "CENTRODECUSTO" ("ID_CentrodeCusto","CentroDeCusto","ID_USER","ID_LANGUAGE","GRUPO") VALUES (204,'DOORDASH.COM',7,1,1);
INSERT INTO "CENTRODECUSTO" ("ID_CentrodeCusto","CentroDeCusto","ID_USER","ID_LANGUAGE","GRUPO") VALUES (205,'MAPLEBEAR INC',7,1,1);
INSERT INTO "CENTRODECUSTO" ("ID_CentrodeCusto","CentroDeCusto","ID_USER","ID_LANGUAGE","GRUPO") VALUES (206,'STRIPE',7,1,1);
INSERT INTO "CENTRODECUSTO" ("ID_CentrodeCusto","CentroDeCusto","ID_USER","ID_LANGUAGE","GRUPO") VALUES (207,'UBER',7,1,1);
INSERT INTO "CENTRODECUSTO" ("ID_CentrodeCusto","CentroDeCusto","ID_USER","ID_LANGUAGE","GRUPO") VALUES (208,'DEPOSIT',8,1,1);
INSERT INTO "CENTRODECUSTO" ("ID_CentrodeCusto","CentroDeCusto","ID_USER","ID_LANGUAGE","GRUPO") VALUES (209,'DOORDASH',8,1,1);
INSERT INTO "CENTRODECUSTO" ("ID_CentrodeCusto","CentroDeCusto","ID_USER","ID_LANGUAGE","GRUPO") VALUES (210,'DOORDASH.COM',8,1,1);
INSERT INTO "CENTRODECUSTO" ("ID_CentrodeCusto","CentroDeCusto","ID_USER","ID_LANGUAGE","GRUPO") VALUES (211,'MAPLEBEAR INC',8,1,1);
INSERT INTO "CENTRODECUSTO" ("ID_CentrodeCusto","CentroDeCusto","ID_USER","ID_LANGUAGE","GRUPO") VALUES (212,'STRIPE',8,1,1);
INSERT INTO "CENTRODECUSTO" ("ID_CentrodeCusto","CentroDeCusto","ID_USER","ID_LANGUAGE","GRUPO") VALUES (213,'UBER',8,1,1);
INSERT INTO "CENTRODECUSTO" ("ID_CentrodeCusto","CentroDeCusto","ID_USER","ID_LANGUAGE","GRUPO") VALUES (214,'DEPOSIT',9,1,1);
INSERT INTO "CENTRODECUSTO" ("ID_CentrodeCusto","CentroDeCusto","ID_USER","ID_LANGUAGE","GRUPO") VALUES (215,'DOORDASH',9,1,1);
INSERT INTO "CENTRODECUSTO" ("ID_CentrodeCusto","CentroDeCusto","ID_USER","ID_LANGUAGE","GRUPO") VALUES (216,'DOORDASH.COM',9,1,1);
INSERT INTO "CENTRODECUSTO" ("ID_CentrodeCusto","CentroDeCusto","ID_USER","ID_LANGUAGE","GRUPO") VALUES (217,'MAPLEBEAR INC',9,1,1);
INSERT INTO "CENTRODECUSTO" ("ID_CentrodeCusto","CentroDeCusto","ID_USER","ID_LANGUAGE","GRUPO") VALUES (218,'STRIPE',9,1,1);
INSERT INTO "CENTRODECUSTO" ("ID_CentrodeCusto","CentroDeCusto","ID_USER","ID_LANGUAGE","GRUPO") VALUES (219,'UBER',9,1,1);
INSERT INTO "TBCATEGORIA" ("ID_CATEGORIA","FAVORECIDO","CATEGORIA","ID_CentrodeCusto","ID_LANGUAGE") VALUES (1,'Apple Credit Card','',51,1);
INSERT INTO "TBCATEGORIA" ("ID_CATEGORIA","FAVORECIDO","CATEGORIA","ID_CentrodeCusto","ID_LANGUAGE") VALUES (2,'Publix','',39,1);
INSERT INTO "TBCATEGORIA" ("ID_CATEGORIA","FAVORECIDO","CATEGORIA","ID_CentrodeCusto","ID_LANGUAGE") VALUES (3,'DoorDash','',179,1);
INSERT INTO "TBCATEGORIA" ("ID_CATEGORIA","FAVORECIDO","CATEGORIA","ID_CentrodeCusto","ID_LANGUAGE") VALUES (4,'Zelle Transfer','',178,1);
INSERT INTO "TBCATEGORIA" ("ID_CATEGORIA","FAVORECIDO","CATEGORIA","ID_CentrodeCusto","ID_LANGUAGE") VALUES (5,'Circle K','',42,1);
INSERT INTO "TBCATEGORIA" ("ID_CATEGORIA","FAVORECIDO","CATEGORIA","ID_CentrodeCusto","ID_LANGUAGE") VALUES (6,'Walmart','',39,1);
INSERT INTO "TBCATEGORIA" ("ID_CATEGORIA","FAVORECIDO","CATEGORIA","ID_CentrodeCusto","ID_LANGUAGE") VALUES (7,'Shell','',42,1);
INSERT INTO "TBCATEGORIA" ("ID_CATEGORIA","FAVORECIDO","CATEGORIA","ID_CentrodeCusto","ID_LANGUAGE") VALUES (8,'BP Gas','',42,1);
INSERT INTO "TBCATEGORIA" ("ID_CATEGORIA","FAVORECIDO","CATEGORIA","ID_CentrodeCusto","ID_LANGUAGE") VALUES (9,'Aldi','',39,1);
INSERT INTO "TBCATEGORIA" ("ID_CATEGORIA","FAVORECIDO","CATEGORIA","ID_CentrodeCusto","ID_LANGUAGE") VALUES (10,'Wow!','',47,1);
INSERT INTO "TBCATEGORIA" ("ID_CATEGORIA","FAVORECIDO","CATEGORIA","ID_CentrodeCusto","ID_LANGUAGE") VALUES (11,'Maplebear Inc','',181,1);
INSERT INTO "TBCATEGORIA" ("ID_CATEGORIA","FAVORECIDO","CATEGORIA","ID_CentrodeCusto","ID_LANGUAGE") VALUES (12,'Upside','',46,1);
INSERT INTO "TBCATEGORIA" ("ID_CATEGORIA","FAVORECIDO","CATEGORIA","ID_CentrodeCusto","ID_LANGUAGE") VALUES (13,'The General Insurance','',41,1);
INSERT INTO "TBCATEGORIA" ("ID_CATEGORIA","FAVORECIDO","CATEGORIA","ID_CentrodeCusto","ID_LANGUAGE") VALUES (14,'Amazon Prime Membership','',48,1);
INSERT INTO "TBCATEGORIA" ("ID_CATEGORIA","FAVORECIDO","CATEGORIA","ID_CentrodeCusto","ID_LANGUAGE") VALUES (15,'Mercadocar','transporte',41,1);
INSERT INTO "TBCATEGORIA" ("ID_CATEGORIA","FAVORECIDO","CATEGORIA","ID_CentrodeCusto","ID_LANGUAGE") VALUES (16,'Assai Atacadista','casa',39,1);
INSERT INTO "TBCATEGORIA" ("ID_CATEGORIA","FAVORECIDO","CATEGORIA","ID_CentrodeCusto","ID_LANGUAGE") VALUES (17,'Recarga de celular','',42,1);
INSERT INTO "TBCATEGORIA" ("ID_CATEGORIA","FAVORECIDO","CATEGORIA","ID_CentrodeCusto","ID_LANGUAGE") VALUES (18,'Pagamento recebido','',57,1);
INSERT INTO "TBCATEGORIA" ("ID_CATEGORIA","FAVORECIDO","CATEGORIA","ID_CentrodeCusto","ID_LANGUAGE") VALUES (19,'Estapar Aero Guarulhos','transporte',49,1);
INSERT INTO "TBCATEGORIA" ("ID_CATEGORIA","FAVORECIDO","CATEGORIA","ID_CentrodeCusto","ID_LANGUAGE") VALUES (20,'Posto Rt','transporte',NULL,1);
INSERT INTO "TBMESSAGE" ("ID_TBMESSAGE","ID_LANGUAGE","DESCRIPTION_TYPE","DESCRIPTION_MESSAGE") VALUES (1,1,'MEN_CONECT_DATABASE','Error Connecting Database!');
INSERT INTO "TBMESSAGE" ("ID_TBMESSAGE","ID_LANGUAGE","DESCRIPTION_TYPE","DESCRIPTION_MESSAGE") VALUES (2,2,'MEN_CONECT_DATABASE','¡Error al conectar la base de datos!');
INSERT INTO "TBMESSAGE" ("ID_TBMESSAGE","ID_LANGUAGE","DESCRIPTION_TYPE","DESCRIPTION_MESSAGE") VALUES (3,3,'MEN_CONECT_DATABASE','Erro Conectando Banco de Dados!');
INSERT INTO "TBMESSAGE" ("ID_TBMESSAGE","ID_LANGUAGE","DESCRIPTION_TYPE","DESCRIPTION_MESSAGE") VALUES (4,1,'MEN_ACCESS_DENIED','Access denied.');
INSERT INTO "TBMESSAGE" ("ID_TBMESSAGE","ID_LANGUAGE","DESCRIPTION_TYPE","DESCRIPTION_MESSAGE") VALUES (5,2,'MEN_ACCESS_DENIED','Acceso denegado.');
INSERT INTO "TBMESSAGE" ("ID_TBMESSAGE","ID_LANGUAGE","DESCRIPTION_TYPE","DESCRIPTION_MESSAGE") VALUES (6,3,'MEN_ACCESS_DENIED','Acesso Negado.');
INSERT INTO "TBMESSAGE" ("ID_TBMESSAGE","ID_LANGUAGE","DESCRIPTION_TYPE","DESCRIPTION_MESSAGE") VALUES (7,1,'MEN_MNU_NIVEL_0','File');
INSERT INTO "TBMESSAGE" ("ID_TBMESSAGE","ID_LANGUAGE","DESCRIPTION_TYPE","DESCRIPTION_MESSAGE") VALUES (8,2,'MEN_MNU_NIVEL_0','Ficheiro');
INSERT INTO "TBMESSAGE" ("ID_TBMESSAGE","ID_LANGUAGE","DESCRIPTION_TYPE","DESCRIPTION_MESSAGE") VALUES (9,3,'MEN_MNU_NIVEL_0','Arquivo');
INSERT INTO "TBMESSAGE" ("ID_TBMESSAGE","ID_LANGUAGE","DESCRIPTION_TYPE","DESCRIPTION_MESSAGE") VALUES (10,1,'MEN_MNU_NIVEL_0_0','Import');
INSERT INTO "TBMESSAGE" ("ID_TBMESSAGE","ID_LANGUAGE","DESCRIPTION_TYPE","DESCRIPTION_MESSAGE") VALUES (11,2,'MEN_MNU_NIVEL_0_0','Importar');
INSERT INTO "TBMESSAGE" ("ID_TBMESSAGE","ID_LANGUAGE","DESCRIPTION_TYPE","DESCRIPTION_MESSAGE") VALUES (12,3,'MEN_MNU_NIVEL_0_0','Importar');
INSERT INTO "TBMESSAGE" ("ID_TBMESSAGE","ID_LANGUAGE","DESCRIPTION_TYPE","DESCRIPTION_MESSAGE") VALUES (13,1,'MEN_MNU_NIVEL_0_1','Category');
INSERT INTO "TBMESSAGE" ("ID_TBMESSAGE","ID_LANGUAGE","DESCRIPTION_TYPE","DESCRIPTION_MESSAGE") VALUES (14,2,'MEN_MNU_NIVEL_0_1','Categoría');
INSERT INTO "TBMESSAGE" ("ID_TBMESSAGE","ID_LANGUAGE","DESCRIPTION_TYPE","DESCRIPTION_MESSAGE") VALUES (15,3,'MEN_MNU_NIVEL_0_1','Categoria');
INSERT INTO "TBMESSAGE" ("ID_TBMESSAGE","ID_LANGUAGE","DESCRIPTION_TYPE","DESCRIPTION_MESSAGE") VALUES (16,1,'MEN_MNU_NIVEL_0_2','Cost Center');
INSERT INTO "TBMESSAGE" ("ID_TBMESSAGE","ID_LANGUAGE","DESCRIPTION_TYPE","DESCRIPTION_MESSAGE") VALUES (17,2,'MEN_MNU_NIVEL_0_2','Centro de Coste');
INSERT INTO "TBMESSAGE" ("ID_TBMESSAGE","ID_LANGUAGE","DESCRIPTION_TYPE","DESCRIPTION_MESSAGE") VALUES (18,3,'MEN_MNU_NIVEL_0_2','Centro de Custo');
INSERT INTO "TBMESSAGE" ("ID_TBMESSAGE","ID_LANGUAGE","DESCRIPTION_TYPE","DESCRIPTION_MESSAGE") VALUES (19,1,'MEN_MNU_NIVEL_0_3','Account');
INSERT INTO "TBMESSAGE" ("ID_TBMESSAGE","ID_LANGUAGE","DESCRIPTION_TYPE","DESCRIPTION_MESSAGE") VALUES (20,2,'MEN_MNU_NIVEL_0_3','Cuenta');
INSERT INTO "TBMESSAGE" ("ID_TBMESSAGE","ID_LANGUAGE","DESCRIPTION_TYPE","DESCRIPTION_MESSAGE") VALUES (21,3,'MEN_MNU_NIVEL_0_3','Conta');
INSERT INTO "TBMESSAGE" ("ID_TBMESSAGE","ID_LANGUAGE","DESCRIPTION_TYPE","DESCRIPTION_MESSAGE") VALUES (22,1,'MEN_MNU_NIVEL_0_4','Exit');
INSERT INTO "TBMESSAGE" ("ID_TBMESSAGE","ID_LANGUAGE","DESCRIPTION_TYPE","DESCRIPTION_MESSAGE") VALUES (23,2,'MEN_MNU_NIVEL_0_4','Salir');
INSERT INTO "TBMESSAGE" ("ID_TBMESSAGE","ID_LANGUAGE","DESCRIPTION_TYPE","DESCRIPTION_MESSAGE") VALUES (24,3,'MEN_MNU_NIVEL_0_4','Sair');
INSERT INTO "TBMESSAGE" ("ID_TBMESSAGE","ID_LANGUAGE","DESCRIPTION_TYPE","DESCRIPTION_MESSAGE") VALUES (25,1,'MEN_MES_ANO','Month/Year');
INSERT INTO "TBMESSAGE" ("ID_TBMESSAGE","ID_LANGUAGE","DESCRIPTION_TYPE","DESCRIPTION_MESSAGE") VALUES (26,2,'MEN_MES_ANO','Mes/Anõ');
INSERT INTO "TBMESSAGE" ("ID_TBMESSAGE","ID_LANGUAGE","DESCRIPTION_TYPE","DESCRIPTION_MESSAGE") VALUES (27,3,'MEN_MES_ANO','Mês/Ano');
INSERT INTO "TBMESSAGE" ("ID_TBMESSAGE","ID_LANGUAGE","DESCRIPTION_TYPE","DESCRIPTION_MESSAGE") VALUES (28,1,'MEN_TIPO_TRANSACAO','Type Transaction');
INSERT INTO "TBMESSAGE" ("ID_TBMESSAGE","ID_LANGUAGE","DESCRIPTION_TYPE","DESCRIPTION_MESSAGE") VALUES (29,2,'MEN_TIPO_TRANSACAO','Tipo de transacción');
INSERT INTO "TBMESSAGE" ("ID_TBMESSAGE","ID_LANGUAGE","DESCRIPTION_TYPE","DESCRIPTION_MESSAGE") VALUES (30,3,'MEN_TIPO_TRANSACAO','Tipo de Movimentação');
INSERT INTO "TBMESSAGE" ("ID_TBMESSAGE","ID_LANGUAGE","DESCRIPTION_TYPE","DESCRIPTION_MESSAGE") VALUES (31,1,'MEN_PROP_CONTA','Account Ower');
INSERT INTO "TBMESSAGE" ("ID_TBMESSAGE","ID_LANGUAGE","DESCRIPTION_TYPE","DESCRIPTION_MESSAGE") VALUES (32,2,'MEN_PROP_CONTA','Deudor de cuenta');
INSERT INTO "TBMESSAGE" ("ID_TBMESSAGE","ID_LANGUAGE","DESCRIPTION_TYPE","DESCRIPTION_MESSAGE") VALUES (33,3,'MEN_PROP_CONTA','Proprietario da Conta');
INSERT INTO "TBMESSAGE" ("ID_TBMESSAGE","ID_LANGUAGE","DESCRIPTION_TYPE","DESCRIPTION_MESSAGE") VALUES (34,1,'MEN_VALUE','Amount');
INSERT INTO "TBMESSAGE" ("ID_TBMESSAGE","ID_LANGUAGE","DESCRIPTION_TYPE","DESCRIPTION_MESSAGE") VALUES (35,2,'MEN_VALUE','Valores');
INSERT INTO "TBMESSAGE" ("ID_TBMESSAGE","ID_LANGUAGE","DESCRIPTION_TYPE","DESCRIPTION_MESSAGE") VALUES (36,3,'MEN_VALUE','Valores');
INSERT INTO "TBMESSAGE" ("ID_TBMESSAGE","ID_LANGUAGE","DESCRIPTION_TYPE","DESCRIPTION_MESSAGE") VALUES (37,1,'MEN_CENTROCUSTO','Cost Center');
INSERT INTO "TBMESSAGE" ("ID_TBMESSAGE","ID_LANGUAGE","DESCRIPTION_TYPE","DESCRIPTION_MESSAGE") VALUES (38,2,'MEN_CENTROCUSTO','Centro de Costo');
INSERT INTO "TBMESSAGE" ("ID_TBMESSAGE","ID_LANGUAGE","DESCRIPTION_TYPE","DESCRIPTION_MESSAGE") VALUES (39,3,'MEN_CENTROCUSTO','Centro de Custo');
INSERT INTO "TBMESSAGE" ("ID_TBMESSAGE","ID_LANGUAGE","DESCRIPTION_TYPE","DESCRIPTION_MESSAGE") VALUES (40,1,'MEN_IMPORTFILE','Import File');
INSERT INTO "TBMESSAGE" ("ID_TBMESSAGE","ID_LANGUAGE","DESCRIPTION_TYPE","DESCRIPTION_MESSAGE") VALUES (41,2,'MEN_IMPORTFILE','Importar archivo');
INSERT INTO "TBMESSAGE" ("ID_TBMESSAGE","ID_LANGUAGE","DESCRIPTION_TYPE","DESCRIPTION_MESSAGE") VALUES (42,3,'MEN_IMPORTFILE','Importar Arquivo');
INSERT INTO "TBMESSAGE" ("ID_TBMESSAGE","ID_LANGUAGE","DESCRIPTION_TYPE","DESCRIPTION_MESSAGE") VALUES (43,1,'MEN_SELECTFILE','Select the File');
INSERT INTO "TBMESSAGE" ("ID_TBMESSAGE","ID_LANGUAGE","DESCRIPTION_TYPE","DESCRIPTION_MESSAGE") VALUES (44,2,'MEN_SELECTFILE','Seleccione el archivo');
INSERT INTO "TBMESSAGE" ("ID_TBMESSAGE","ID_LANGUAGE","DESCRIPTION_TYPE","DESCRIPTION_MESSAGE") VALUES (45,3,'MEN_SELECTFILE','Selecione o Arquivo');
INSERT INTO "TBMESSAGE" ("ID_TBMESSAGE","ID_LANGUAGE","DESCRIPTION_TYPE","DESCRIPTION_MESSAGE") VALUES (46,1,'MEN_SELECTBANK','Select the Bank');
INSERT INTO "TBMESSAGE" ("ID_TBMESSAGE","ID_LANGUAGE","DESCRIPTION_TYPE","DESCRIPTION_MESSAGE") VALUES (47,2,'MEN_SELECTBANK','Seleccionar banco');
INSERT INTO "TBMESSAGE" ("ID_TBMESSAGE","ID_LANGUAGE","DESCRIPTION_TYPE","DESCRIPTION_MESSAGE") VALUES (48,3,'MEN_SELECTBANK','Selecione o Banco');
INSERT INTO "TBMESSAGE" ("ID_TBMESSAGE","ID_LANGUAGE","DESCRIPTION_TYPE","DESCRIPTION_MESSAGE") VALUES (49,1,'MEN_MENS_ERRO','Error Message');
INSERT INTO "TBMESSAGE" ("ID_TBMESSAGE","ID_LANGUAGE","DESCRIPTION_TYPE","DESCRIPTION_MESSAGE") VALUES (50,2,'MEN_MENS_ERRO','Mensaje de Error');
INSERT INTO "TBMESSAGE" ("ID_TBMESSAGE","ID_LANGUAGE","DESCRIPTION_TYPE","DESCRIPTION_MESSAGE") VALUES (51,3,'MEN_MENS_ERRO','Mensagem de Erro');
INSERT INTO "TBMESSAGE" ("ID_TBMESSAGE","ID_LANGUAGE","DESCRIPTION_TYPE","DESCRIPTION_MESSAGE") VALUES (52,1,'MEN_MENS_INFO','Information');
INSERT INTO "TBMESSAGE" ("ID_TBMESSAGE","ID_LANGUAGE","DESCRIPTION_TYPE","DESCRIPTION_MESSAGE") VALUES (53,2,'MEN_MENS_INFO','Información');
INSERT INTO "TBMESSAGE" ("ID_TBMESSAGE","ID_LANGUAGE","DESCRIPTION_TYPE","DESCRIPTION_MESSAGE") VALUES (54,3,'MEN_MENS_INFO','Informação');
INSERT INTO "TBMESSAGE" ("ID_TBMESSAGE","ID_LANGUAGE","DESCRIPTION_TYPE","DESCRIPTION_MESSAGE") VALUES (55,1,'MEN_MENS_CONFI','Confirmation');
INSERT INTO "TBMESSAGE" ("ID_TBMESSAGE","ID_LANGUAGE","DESCRIPTION_TYPE","DESCRIPTION_MESSAGE") VALUES (56,2,'MEN_MENS_CONFI','Confirmación');
INSERT INTO "TBMESSAGE" ("ID_TBMESSAGE","ID_LANGUAGE","DESCRIPTION_TYPE","DESCRIPTION_MESSAGE") VALUES (57,3,'MEN_MENS_CONFI','Confirmação');
INSERT INTO "TBMESSAGE" ("ID_TBMESSAGE","ID_LANGUAGE","DESCRIPTION_TYPE","DESCRIPTION_MESSAGE") VALUES (58,1,'MEN_MENS_CONFI','Options');
INSERT INTO "TBMESSAGE" ("ID_TBMESSAGE","ID_LANGUAGE","DESCRIPTION_TYPE","DESCRIPTION_MESSAGE") VALUES (59,2,'MEN_MENS_CONFI','Opciones');
INSERT INTO "TBMESSAGE" ("ID_TBMESSAGE","ID_LANGUAGE","DESCRIPTION_TYPE","DESCRIPTION_MESSAGE") VALUES (60,3,'MEN_MENS_CONFI','Opções');
INSERT INTO "TBMESSAGE" ("ID_TBMESSAGE","ID_LANGUAGE","DESCRIPTION_TYPE","DESCRIPTION_MESSAGE") VALUES (61,1,'MEN_MENS_SELCC','Cost Center is required');
INSERT INTO "TBMESSAGE" ("ID_TBMESSAGE","ID_LANGUAGE","DESCRIPTION_TYPE","DESCRIPTION_MESSAGE") VALUES (62,2,'MEN_MENS_SELCC','Se requiere el centro de costo');
INSERT INTO "TBMESSAGE" ("ID_TBMESSAGE","ID_LANGUAGE","DESCRIPTION_TYPE","DESCRIPTION_MESSAGE") VALUES (63,3,'MEN_MENS_SELCC','Centro de Custo é necessario');
INSERT INTO "TBMESSAGE" ("ID_TBMESSAGE","ID_LANGUAGE","DESCRIPTION_TYPE","DESCRIPTION_MESSAGE") VALUES (64,1,'MEN_MENS_INFCIA','Company name is required');
INSERT INTO "TBMESSAGE" ("ID_TBMESSAGE","ID_LANGUAGE","DESCRIPTION_TYPE","DESCRIPTION_MESSAGE") VALUES (65,2,'MEN_MENS_INFCIA','El nombre de la empresa es obligatorio');
INSERT INTO "TBMESSAGE" ("ID_TBMESSAGE","ID_LANGUAGE","DESCRIPTION_TYPE","DESCRIPTION_MESSAGE") VALUES (66,3,'MEN_MENS_INFCIA','Nome da empresa é necessário');
INSERT INTO "TBMESSAGE" ("ID_TBMESSAGE","ID_LANGUAGE","DESCRIPTION_TYPE","DESCRIPTION_MESSAGE") VALUES (67,1,'MEN_MENS_INFCAT','Category is required');
INSERT INTO "TBMESSAGE" ("ID_TBMESSAGE","ID_LANGUAGE","DESCRIPTION_TYPE","DESCRIPTION_MESSAGE") VALUES (68,2,'MEN_MENS_INFCAT','La categoria es requerida');
INSERT INTO "TBMESSAGE" ("ID_TBMESSAGE","ID_LANGUAGE","DESCRIPTION_TYPE","DESCRIPTION_MESSAGE") VALUES (69,3,'MEN_MENS_INFCAT','Categoria é necessário');
INSERT INTO "TBMESSAGE" ("ID_TBMESSAGE","ID_LANGUAGE","DESCRIPTION_TYPE","DESCRIPTION_MESSAGE") VALUES (70,1,'MEN_MENS_INFSUBCAT','SubCategory is required');
INSERT INTO "TBMESSAGE" ("ID_TBMESSAGE","ID_LANGUAGE","DESCRIPTION_TYPE","DESCRIPTION_MESSAGE") VALUES (71,2,'MEN_MENS_INFSUBCAT','La Subcategoria es requerida');
INSERT INTO "TBMESSAGE" ("ID_TBMESSAGE","ID_LANGUAGE","DESCRIPTION_TYPE","DESCRIPTION_MESSAGE") VALUES (72,3,'MEN_MENS_INFSUBCAT','SubCategoria é necessário');
INSERT INTO "TBMESSAGE" ("ID_TBMESSAGE","ID_LANGUAGE","DESCRIPTION_TYPE","DESCRIPTION_MESSAGE") VALUES (73,1,'MEN_MENS_INFTRADAT','Transaction Date is required');
INSERT INTO "TBMESSAGE" ("ID_TBMESSAGE","ID_LANGUAGE","DESCRIPTION_TYPE","DESCRIPTION_MESSAGE") VALUES (74,2,'MEN_MENS_INFTRADAT','La fecha de la transacción es obligatoria');
INSERT INTO "TBMESSAGE" ("ID_TBMESSAGE","ID_LANGUAGE","DESCRIPTION_TYPE","DESCRIPTION_MESSAGE") VALUES (75,3,'MEN_MENS_INFTRADAT','Data de Transação é necessário');
INSERT INTO "TBMESSAGE" ("ID_TBMESSAGE","ID_LANGUAGE","DESCRIPTION_TYPE","DESCRIPTION_MESSAGE") VALUES (76,1,'MEN_MENS_INFTRAAMOU','Transaction Amount is required');
INSERT INTO "TBMESSAGE" ("ID_TBMESSAGE","ID_LANGUAGE","DESCRIPTION_TYPE","DESCRIPTION_MESSAGE") VALUES (77,2,'MEN_MENS_INFTRAAMOU','Se requiere el monto de la transacción');
INSERT INTO "TBMESSAGE" ("ID_TBMESSAGE","ID_LANGUAGE","DESCRIPTION_TYPE","DESCRIPTION_MESSAGE") VALUES (78,3,'MEN_MENS_INFTRAAMOU','Valor da Transação é necessário');
INSERT INTO "TBMESSAGE" ("ID_TBMESSAGE","ID_LANGUAGE","DESCRIPTION_TYPE","DESCRIPTION_MESSAGE") VALUES (79,1,'MEN_MENS_ADDTRAN','Add Transaction');
INSERT INTO "TBMESSAGE" ("ID_TBMESSAGE","ID_LANGUAGE","DESCRIPTION_TYPE","DESCRIPTION_MESSAGE") VALUES (80,2,'MEN_MENS_ADDTRAN','Agregar transacción');
INSERT INTO "TBMESSAGE" ("ID_TBMESSAGE","ID_LANGUAGE","DESCRIPTION_TYPE","DESCRIPTION_MESSAGE") VALUES (81,3,'MEN_MENS_ADDTRAN','Adicionar Transação');
INSERT INTO "TBMESSAGE" ("ID_TBMESSAGE","ID_LANGUAGE","DESCRIPTION_TYPE","DESCRIPTION_MESSAGE") VALUES (82,1,'MEN_MENS_PAYMENT','Payment');
INSERT INTO "TBMESSAGE" ("ID_TBMESSAGE","ID_LANGUAGE","DESCRIPTION_TYPE","DESCRIPTION_MESSAGE") VALUES (83,2,'MEN_MENS_PAYMENT','Pago');
INSERT INTO "TBMESSAGE" ("ID_TBMESSAGE","ID_LANGUAGE","DESCRIPTION_TYPE","DESCRIPTION_MESSAGE") VALUES (84,3,'MEN_MENS_PAYMENT','Pagamento');
INSERT INTO "TBMESSAGE" ("ID_TBMESSAGE","ID_LANGUAGE","DESCRIPTION_TYPE","DESCRIPTION_MESSAGE") VALUES (85,1,'MEN_DATA_TRANSACAO','Transaction Date');
INSERT INTO "TBMESSAGE" ("ID_TBMESSAGE","ID_LANGUAGE","DESCRIPTION_TYPE","DESCRIPTION_MESSAGE") VALUES (86,2,'MEN_DATA_TRANSACAO','Fecha de Transacción');
INSERT INTO "TBMESSAGE" ("ID_TBMESSAGE","ID_LANGUAGE","DESCRIPTION_TYPE","DESCRIPTION_MESSAGE") VALUES (87,3,'MEN_DATA_TRANSACAO','Data da Transação');
INSERT INTO "TBMESSAGE" ("ID_TBMESSAGE","ID_LANGUAGE","DESCRIPTION_TYPE","DESCRIPTION_MESSAGE") VALUES (88,1,'MEN_MNU_NIVEL_0_5','SubCategory');
INSERT INTO "TBMESSAGE" ("ID_TBMESSAGE","ID_LANGUAGE","DESCRIPTION_TYPE","DESCRIPTION_MESSAGE") VALUES (89,2,'MEN_MNU_NIVEL_0_5','SubCategoria');
INSERT INTO "TBMESSAGE" ("ID_TBMESSAGE","ID_LANGUAGE","DESCRIPTION_TYPE","DESCRIPTION_MESSAGE") VALUES (90,3,'MEN_MNU_NIVEL_0_5','SubCategoria');
INSERT INTO "TBMESSAGE" ("ID_TBMESSAGE","ID_LANGUAGE","DESCRIPTION_TYPE","DESCRIPTION_MESSAGE") VALUES (91,1,'MEN_MNU_FECHAR','Close');
INSERT INTO "TBMESSAGE" ("ID_TBMESSAGE","ID_LANGUAGE","DESCRIPTION_TYPE","DESCRIPTION_MESSAGE") VALUES (92,2,'MEN_MNU_FECHAR','Cerca');
INSERT INTO "TBMESSAGE" ("ID_TBMESSAGE","ID_LANGUAGE","DESCRIPTION_TYPE","DESCRIPTION_MESSAGE") VALUES (93,3,'MEN_MNU_FECHAR','Fechar');
INSERT INTO "TBMESSAGE" ("ID_TBMESSAGE","ID_LANGUAGE","DESCRIPTION_TYPE","DESCRIPTION_MESSAGE") VALUES (94,1,'MEN_MNU_SALVAR','Save');
INSERT INTO "TBMESSAGE" ("ID_TBMESSAGE","ID_LANGUAGE","DESCRIPTION_TYPE","DESCRIPTION_MESSAGE") VALUES (95,2,'MEN_MNU_SALVAR','Ahorrar');
INSERT INTO "TBMESSAGE" ("ID_TBMESSAGE","ID_LANGUAGE","DESCRIPTION_TYPE","DESCRIPTION_MESSAGE") VALUES (96,3,'MEN_MNU_SALVAR','Salvar');
INSERT INTO "TBMESSAGE" ("ID_TBMESSAGE","ID_LANGUAGE","DESCRIPTION_TYPE","DESCRIPTION_MESSAGE") VALUES (97,1,'MEN_DATA_FAVORECIDO','Company Name');
INSERT INTO "TBMESSAGE" ("ID_TBMESSAGE","ID_LANGUAGE","DESCRIPTION_TYPE","DESCRIPTION_MESSAGE") VALUES (98,2,'MEN_DATA_FAVORECIDO','Nombre de la empresa');
INSERT INTO "TBMESSAGE" ("ID_TBMESSAGE","ID_LANGUAGE","DESCRIPTION_TYPE","DESCRIPTION_MESSAGE") VALUES (99,3,'MEN_DATA_FAVORECIDO','Nome da Empresa');
INSERT INTO "TBMESSAGE" ("ID_TBMESSAGE","ID_LANGUAGE","DESCRIPTION_TYPE","DESCRIPTION_MESSAGE") VALUES (100,1,'MEN_REC_SAVE','Saved Record');
INSERT INTO "TBMESSAGE" ("ID_TBMESSAGE","ID_LANGUAGE","DESCRIPTION_TYPE","DESCRIPTION_MESSAGE") VALUES (101,2,'MEN_REC_SAVE','Registro Guardado');
INSERT INTO "TBMESSAGE" ("ID_TBMESSAGE","ID_LANGUAGE","DESCRIPTION_TYPE","DESCRIPTION_MESSAGE") VALUES (102,3,'MEN_REC_SAVE','Registro Salvo');
INSERT INTO "TBMESSAGE" ("ID_TBMESSAGE","ID_LANGUAGE","DESCRIPTION_TYPE","DESCRIPTION_MESSAGE") VALUES (103,1,'MEN_INFEMAILACC','E-mail account is required');
INSERT INTO "TBMESSAGE" ("ID_TBMESSAGE","ID_LANGUAGE","DESCRIPTION_TYPE","DESCRIPTION_MESSAGE") VALUES (104,2,'MEN_INFEMAILACC','Cuenta de correo electrónico requerida');
INSERT INTO "TBMESSAGE" ("ID_TBMESSAGE","ID_LANGUAGE","DESCRIPTION_TYPE","DESCRIPTION_MESSAGE") VALUES (105,3,'MEN_INFEMAILACC','Conta de E-mail é necessária');
INSERT INTO "TBMESSAGE" ("ID_TBMESSAGE","ID_LANGUAGE","DESCRIPTION_TYPE","DESCRIPTION_MESSAGE") VALUES (106,1,'MEN_INFEMAILPWD','E-mail´s password is required');
INSERT INTO "TBMESSAGE" ("ID_TBMESSAGE","ID_LANGUAGE","DESCRIPTION_TYPE","DESCRIPTION_MESSAGE") VALUES (107,2,'MEN_INFEMAILPWD','Contraseña de correo electrónico requerida');
INSERT INTO "TBMESSAGE" ("ID_TBMESSAGE","ID_LANGUAGE","DESCRIPTION_TYPE","DESCRIPTION_MESSAGE") VALUES (108,3,'MEN_INFEMAILPWD','Senha do e-mail é necessária');
INSERT INTO "TBMESSAGE" ("ID_TBMESSAGE","ID_LANGUAGE","DESCRIPTION_TYPE","DESCRIPTION_MESSAGE") VALUES (109,1,'MEN_INFSAVEEMAIL','Path to save file is required');
INSERT INTO "TBMESSAGE" ("ID_TBMESSAGE","ID_LANGUAGE","DESCRIPTION_TYPE","DESCRIPTION_MESSAGE") VALUES (110,2,'MEN_INFSAVEEMAIL','Se requiere la ruta para guardar el archivo');
INSERT INTO "TBMESSAGE" ("ID_TBMESSAGE","ID_LANGUAGE","DESCRIPTION_TYPE","DESCRIPTION_MESSAGE") VALUES (111,3,'MEN_INFSAVEEMAIL','Caminho para salvar do arquivo é necessario');
INSERT INTO "TBMESSAGE" ("ID_TBMESSAGE","ID_LANGUAGE","DESCRIPTION_TYPE","DESCRIPTION_MESSAGE") VALUES (112,1,'MEN_INVALIDEMAIL','Invalid email');
INSERT INTO "TBMESSAGE" ("ID_TBMESSAGE","ID_LANGUAGE","DESCRIPTION_TYPE","DESCRIPTION_MESSAGE") VALUES (113,2,'MEN_INVALIDEMAIL','Email inválido');
INSERT INTO "TBMESSAGE" ("ID_TBMESSAGE","ID_LANGUAGE","DESCRIPTION_TYPE","DESCRIPTION_MESSAGE") VALUES (114,3,'MEN_INVALIDEMAIL','E-mail invalido');
INSERT INTO "TBPERIODO" ("ID_PERIODO","ANOATUAL","ANOFUTURO") VALUES (1,'2020','2021');
INSERT INTO "TBPERIODO" ("ID_PERIODO","ANOATUAL","ANOFUTURO") VALUES (2,'2021','2022');
INSERT INTO "TBPERIODO" ("ID_PERIODO","ANOATUAL","ANOFUTURO") VALUES (3,'2022','2023');
INSERT INTO "TBPERIODO" ("ID_PERIODO","ANOATUAL","ANOFUTURO") VALUES (4,'2023','2024');
INSERT INTO "TBPERIODO" ("ID_PERIODO","ANOATUAL","ANOFUTURO") VALUES (5,'2024','2025');
INSERT INTO "TBPERIODO" ("ID_PERIODO","ANOATUAL","ANOFUTURO") VALUES (6,'2025','2026');
INSERT INTO "TBPERIODO" ("ID_PERIODO","ANOATUAL","ANOFUTURO") VALUES (7,'2026','2027');
INSERT INTO "TBPERIODO" ("ID_PERIODO","ANOATUAL","ANOFUTURO") VALUES (8,'2027','2028');
INSERT INTO "TBPERIODO" ("ID_PERIODO","ANOATUAL","ANOFUTURO") VALUES (9,'2028','2029');
INSERT INTO "TBPERIODO" ("ID_PERIODO","ANOATUAL","ANOFUTURO") VALUES (10,'2029','2030');
INSERT INTO "TBPERIODO" ("ID_PERIODO","ANOATUAL","ANOFUTURO") VALUES (11,'2030','2031');
INSERT INTO "TBLANGUAGE" ("ID_LANGUAGE","LANGUAGE_DESC") VALUES (1,'English');
INSERT INTO "TBLANGUAGE" ("ID_LANGUAGE","LANGUAGE_DESC") VALUES (2,'Spanish');
INSERT INTO "TBLANGUAGE" ("ID_LANGUAGE","LANGUAGE_DESC") VALUES (3,'Portugues');
CREATE UNIQUE INDEX IF NOT EXISTS "UQ_USERBANKAP" ON "TBUSERBANK" (
	"ID_USER",
	"ID_BANK",
	"APELIDO"
);
COMMIT;
